Date,Open,High,Low,Close     Close price adjusted for splits.,Adj Close     Adjusted close price adjusted for splits and dividend and/or capital gain distributions.,Volume
Mar 26, 2025,5,831.00,5,836.50,5,817.25,5,822.50,5,822.50,48,059
Mar 25, 2025,5,813.00,5,837.25,5,802.25,5,826.50,5,826.50,1,404,629
Mar 24, 2025,5,740.00,5,825.50,5,739.00,5,815.50,5,815.50,1,404,629
Mar 21, 2025,5,664.00,5,674.25,5,597.50,5,617.80,5,617.80,1,629,871
Mar 20, 2025,5,680.00,5,714.25,5,631.50,5,662.50,5,662.50,412,785
Mar 19, 2025,5,618.50,5,718.50,5,606.25,5,678.50,5,678.50,704,394
Mar 18, 2025,5,680.00,5,686.25,5,600.00,5,618.00,5,618.00,1,111,733
Mar 17, 2025,5,626.75,5,707.50,5,599.00,5,680.25,5,680.25,2,086,734
Mar 14, 2025,5,540.00,5,648.75,5,538.75,5,640.00,5,640.00,2,191,954
Mar 13, 2025,5,596.50,5,623.00,5,509.25,5,527.50,5,527.50,2,163,776
Mar 12, 2025,5,580.00,5,675.00,5,550.25,5,604.75,5,604.75,2,004,740
Mar 11, 2025,5,622.00,5,651.75,5,534.00,5,577.00,5,577.00,2,623,963
Mar 10, 2025,5,753.00,5,757.75,5,571.50,5,620.75,5,620.75,2,590,102
Mar 7, 2025,5,766.00,5,791.00,5,673.00,5,776.00,5,776.00,2,315,005
Mar 6, 2025,5,844.75,5,853.50,5,720.00,5,746.25,5,746.25,2,553,819
Mar 5, 2025,5,832.00,5,869.50,5,750.75,5,851.25,5,851.25,2,284,032
Mar 4, 2025,5,874.00,5,884.00,5,744.00,5,789.50,5,789.50,3,353,551
Mar 3, 2025,5,967.50,6,000.50,5,821.75,5,860.75,5,860.75,2,610,882
Feb 28, 2025,5,883.00,5,971.00,5,848.00,5,963.25,5,963.25,2,784,347
Feb 27, 2025,5,980.00,6,014.50,5,873.00,5,876.25,5,876.25,2,579,895
Feb 26, 2025,5,982.00,6,023.75,5,945.50,5,970.75,5,970.75,1,901,306
Feb 25, 2025,6,006.50,6,016.00,5,924.00,5,970.00,5,970.00,2,215,332
Feb 24, 2025,6,040.75,6,067.50,5,994.50,6,000.75,6,000.75,1,797,847
Feb 21, 2025,6,132.50,6,142.50,6,024.50,6,029.00,6,029.00,1,940,563
Feb 20, 2025,6,153.75,6,159.50,6,102.75,6,136.50,6,136.50,1,405,343
Feb 19, 2025,6,143.75,6,166.50,6,129.25,6,163.00,6,163.00,1,078,997
Feb 18, 2025,6,138.25,6,157.75,6,118.25,6,146.75,6,146.75,1,200,599
Feb 14, 2025,6,131.75,6,146.75,6,121.25,6,132.00,6,132.00,1,018,370
Feb 13, 2025,6,079.75,6,138.00,6,053.50,6,135.25,6,135.25,1,523,953
Feb 12, 2025,6,090.75,6,098.00,6,020.75,6,072.75,6,072.75,1,558,395
Feb 11, 2025,6,085.50,6,098.75,6,057.75,6,092.25,6,092.25,1,017,366
Feb 10, 2025,6,016.00,6,096.00,6,014.00,6,088.75,6,088.75,1,005,560
Feb 7, 2025,6,089.75,6,123.25,6,041.25,6,049.50,6,049.50,1,683,475
Feb 6, 2025,6,090.25,6,108.50,6,070.00,6,106.00,6,106.00,1,179,112
Feb 5, 2025,6,042.75,6,092.00,6,020.25,6,086.50,6,086.50,1,216,433
Feb 4, 2025,6,069.00,6,069.00,5,987.00,6,063.00,6,063.00,1,333,376
Feb 3, 2025,5,982.25,6,062.00,5,935.50,6,022.25,6,022.25,2,314,824
Jan 31, 2025,6,106.00,6,147.75,6,057.75,6,067.25,6,067.25,1,866,467
Jan 30, 2025,6,068.50,6,116.25,6,056.50,6,099.25,6,099.25,1,606,753
Jan 29, 2025,6,090.75,6,111.50,6,042.25,6,067.50,6,067.50,1,552,941
Jan 28, 2025,6,059.50,6,105.50,6,023.50,6,097.00,6,097.00,1,585,216
Jan 27, 2025,6,102.25,6,105.25,5,948.00,6,046.75,6,046.75,2,385,614
Jan 24, 2025,6,148.00,6,162.25,6,122.00,6,133.25,6,133.25,1,254,280
Jan 23, 2025,6,120.00,6,154.00,6,101.50,6,152.00,6,152.00,1,136,009
Jan 22, 2025,6,094.00,6,135.75,6,087.00,6,120.50,6,120.50,1,249,850
Jan 21, 2025,6,032.25,6,093.25,5,994.50,6,084.25,6,084.25,1,725,952
Jan 17, 2025,5,970.25,6,051.50,5,968.00,6,033.50,6,033.50,1,417,304
Jan 16, 2025,5,988.50,6,017.50,5,961.75,5,975.50,5,975.50,1,566,439
Jan 15, 2025,5,891.50,6,001.25,5,879.50,5,989.00,5,989.00,1,657,670
Jan 14, 2025,5,887.25,5,918.50,5,842.50,5,882.25,5,882.25,1,839,961
Jan 13, 2025,5,864.50,5,883.25,5,809.00,5,874.50,5,874.50,1,755,341
Jan 10, 2025,5,943.75,5,959.25,5,845.25,5,866.25,5,866.25,2,130,067
Jan 9, 2025,5,955.00,5,957.00,5,929.25,5,944.75,5,944.75,113,831
Jan 8, 2025,5,955.50,5,975.00,5,917.00,5,959.25,5,959.25,1,764,315
Jan 7, 2025,6,028.00,6,045.50,5,935.00,5,954.25,5,954.25,1,771,767
Jan 6, 2025,5,994.50,6,068.25,5,980.75,6,020.50,6,020.50,1,547,298
Jan 3, 2025,5,921.00,5,996.75,5,911.25,5,989.50,5,989.50,1,206,570
Jan 2, 2025,5,949.25,5,995.25,5,874.75,5,916.50,5,916.50,1,826,031
Dec 31, 2024,5,955.00,5,983.25,5,917.25,5,935.75,5,935.75,1,382,187
Dec 30, 2024,6,028.75,6,036.25,5,918.25,5,958.75,5,958.75,1,575,134
Dec 27, 2024,6,092.00,6,095.25,5,982.75,6,027.00,6,027.00,1,641,100
Dec 26, 2024,6,099.25,6,107.50,6,063.25,6,095.25,6,095.25,911,486
Dec 24, 2024,6,037.75,6,099.50,6,030.00,6,098.00,6,098.00,634,201
Dec 23, 2024,6,001.75,6,043.00,5,965.00,6,036.00,6,036.00,1,406,019
Dec 20, 2024,5,879.50,5,879.50,5,800.75,5,840.26,5,840.26,2,340,873
Dec 19, 2024,5,881.75,5,938.00,5,865.50,5,868.75,5,868.75,532,081
Dec 18, 2024,6,053.50,6,074.50,5,840.00,5,872.25,5,872.25,847,452
Dec 17, 2024,6,077.00,6,079.25,6,040.75,6,053.75,6,053.75,1,113,325
Dec 16, 2024,6,055.50,6,090.50,6,051.50,6,080.50,6,080.50,1,612,199
Dec 13, 2024,6,065.00,6,085.25,6,041.25,6,055.50,6,055.50,1,996,354
Dec 12, 2024,6,087.50,6,088.25,6,055.50,6,060.75,6,060.75,1,565,731
Dec 11, 2024,6,052.75,6,102.50,6,045.50,6,092.75,6,092.75,1,271,795
Dec 10, 2024,6,065.25,6,075.25,6,039.75,6,046.25,6,046.25,1,350,731
Dec 9, 2024,6,096.25,6,105.75,6,060.00,6,065.75,6,065.75,1,351,194
Dec 6, 2024,6,085.50,6,111.00,6,076.00,6,099.00,6,099.00,1,167,677
Dec 5, 2024,6,095.25,6,107.25,6,081.50,6,088.75,6,088.75,1,118,784
Dec 4, 2024,6,067.00,6,102.25,6,063.00,6,098.50,6,098.50,1,142,137
Dec 3, 2024,6,064.00,6,070.75,6,047.50,6,063.25,6,063.25,991,961
Dec 2, 2024,6,051.50,6,068.50,6,036.00,6,061.75,6,061.75,989,033
Nov 29, 2024,6,015.00,6,060.00,6,014.75,6,051.50,6,051.50,847,984
Nov 27, 2024,6,041.75,6,047.00,6,000.25,6,015.00,6,015.00,1,157,171
Nov 26, 2024,6,013.25,6,044.00,5,976.25,6,038.25,6,038.25,1,336,843
Nov 25, 2024,6,006.00,6,040.00,5,982.50,6,006.50,6,006.50,1,619,917
Nov 22, 2024,5,967.00,5,993.50,5,940.75,5,987.00,5,987.00,1,550,734
Nov 21, 2024,5,937.25,5,985.00,5,905.25,5,970.50,5,970.50,1,867,101
Nov 20, 2024,5,937.75,5,957.75,5,880.00,5,937.75,5,937.75,1,597,257
Nov 19, 2024,5,919.00,5,947.50,5,855.00,5,938.75,5,938.75,1,636,346
Nov 18, 2024,5,899.75,5,933.00,5,886.50,5,920.00,5,920.00,1,332,326
Nov 15, 2024,5,972.00,5,974.25,5,876.75,5,896.50,5,896.50,2,008,339
Nov 14, 2024,6,017.75,6,025.25,5,964.25,5,978.25,5,978.25,1,538,927
Nov 13, 2024,6,012.25,6,035.25,5,991.75,6,016.00,6,016.00,1,445,258
Nov 12, 2024,6,029.25,6,036.50,5,986.75,6,013.00,6,013.00,1,407,120
Nov 11, 2024,6,030.00,6,053.25,6,013.50,6,031.75,6,031.75,1,069,929
Nov 8, 2024,6,007.75,6,040.50,5,990.25,6,025.25,6,025.25,1,184,512
Nov 7, 2024,5,963.50,6,013.00,5,951.00,6,003.75,6,003.75,1,285,585
Nov 6, 2024,5,820.25,5,967.00,5,814.75,5,958.25,5,958.25,2,023,257
Nov 5, 2024,5,752.25,5,823.25,5,735.00,5,812.25,5,812.25,1,198,797
Nov 4, 2024,5,741.75,5,776.50,5,724.25,5,743.25,5,743.25,1,333,685
Nov 1, 2024,5,742.00,5,803.75,5,732.50,5,758.25,5,758.25,1,592,031
Oct 31, 2024,5,840.00,5,844.00,5,733.25,5,738.50,5,738.50,1,973,513
Oct 30, 2024,5,883.00,5,893.00,5,840.25,5,852.00,5,852.00,1,347,170
Oct 29, 2024,5,867.00,5,883.75,5,837.50,5,871.00,5,871.00,1,195,753
Oct 28, 2024,5,857.00,5,884.50,5,857.00,5,861.50,5,861.50,1,017,440
Oct 25, 2024,5,853.25,5,900.75,5,835.00,5,846.00,5,846.00,1,368,245
Oct 24, 2024,5,844.00,5,870.00,5,822.50,5,849.00,5,849.00,1,159,448
Oct 23, 2024,5,887.25,5,893.75,5,801.00,5,837.75,5,837.75,1,468,269
Oct 22, 2024,5,900.75,5,904.25,5,861.25,5,892.50,5,892.50,1,033,296
Oct 21, 2024,5,911.50,5,915.50,5,865.00,5,896.25,5,896.25,1,063,780
Oct 18, 2024,5,888.25,5,915.50,5,876.25,5,906.00,5,906.00,952,612
Oct 17, 2024,5,882.75,5,927.25,5,871.25,5,887.00,5,887.00,1,236,083
Oct 16, 2024,5,861.00,5,892.75,5,853.25,5,887.00,5,887.00,935,721
Oct 15, 2024,5,914.25,5,915.50,5,850.00,5,862.75,5,862.75,1,365,310
Oct 14, 2024,5,854.50,5,918.50,5,850.00,5,908.25,5,908.25,919,072
Oct 11, 2024,5,831.00,5,868.25,5,816.00,5,859.75,5,859.75,1,028,816
Oct 10, 2024,5,836.00,5,844.00,5,811.50,5,829.00,5,829.00,1,116,046
Oct 9, 2024,5,799.25,5,846.50,5,780.75,5,841.25,5,841.25,1,113,875
Oct 8, 2024,5,752.50,5,806.75,5,725.25,5,800.50,5,800.50,1,172,261
Oct 7, 2024,5,802.00,5,808.00,5,734.25,5,744.75,5,744.75,1,211,368
Oct 4, 2024,5,745.75,5,804.75,5,741.00,5,800.00,5,800.00,1,460,645
Oct 3, 2024,5,769.50,5,772.75,5,725.75,5,749.50,5,749.50,1,421,429
Oct 2, 2024,5,760.25,5,773.25,5,724.00,5,760.25,5,760.25,1,250,353
Oct 1, 2024,5,807.00,5,822.50,5,733.00,5,759.75,5,759.75,1,947,177
Sep 30, 2024,5,784.00,5,820.25,5,756.25,5,814.25,5,814.25,1,502,729
Sep 27, 2024,5,804.25,5,821.50,5,782.00,5,791.25,5,791.25,1,280,272
Sep 26, 2024,5,783.50,5,830.00,5,778.25,5,804.50,5,804.50,1,360,026
Sep 25, 2024,5,792.25,5,798.75,5,768.00,5,779.00,5,779.00,1,043,665
Sep 24, 2024,5,774.00,5,794.25,5,754.75,5,792.00,5,792.00,1,181,221
Sep 23, 2024,5,762.00,5,784.50,5,745.25,5,776.75,5,776.75,1,077,941
Sep 20, 2024,5,714.75,5,717.25,5,699.25,5,699.99,5,699.99,1,623,655
Sep 19, 2024,5,631.50,5,737.50,5,631.50,5,717.75,5,717.75,461,433
Sep 18, 2024,5,639.50,5,696.25,5,613.75,5,620.75,5,620.75,605,651
Sep 17, 2024,5,633.25,5,675.50,5,617.00,5,639.00,5,639.00,1,056,184
Sep 16, 2024,5,622.75,5,641.50,5,609.25,5,638.00,5,638.00,1,588,010
Sep 13, 2024,5,598.50,5,641.50,5,597.25,5,629.75,5,629.75,1,706,322
Sep 12, 2024,5,558.00,5,607.00,5,540.25,5,602.25,5,602.25,1,726,434
Sep 11, 2024,5,499.25,5,567.50,5,412.00,5,561.25,5,561.25,2,309,139
Sep 10, 2024,5,488.25,5,506.00,5,448.25,5,504.00,5,504.00,1,525,620
Sep 9, 2024,5,410.00,5,493.00,5,405.25,5,479.50,5,479.50,2,377,532
Sep 6, 2024,5,513.00,5,532.50,5,394.00,5,419.50,5,419.50,2,377,532
Sep 5, 2024,5,527.50,5,557.25,5,490.00,5,512.25,5,512.25,1,737,210
Sep 4, 2024,5,538.50,5,565.00,5,506.75,5,530.00,5,530.00,1,749,591
Sep 3, 2024,5,656.25,5,669.75,5,516.75,5,541.75,5,541.75,1,910,577
Aug 30, 2024,5,618.50,5,665.00,5,594.25,5,661.00,5,661.00,1,558,874
Aug 29, 2024,5,580.50,5,663.75,5,561.25,5,610.00,5,610.00,1,571,688
Aug 28, 2024,5,643.75,5,650.50,5,576.00,5,610.25,5,610.25,1,381,099
Aug 27, 2024,5,630.00,5,649.50,5,611.50,5,644.75,5,644.75,1,027,658
Aug 26, 2024,5,650.50,5,669.00,5,619.75,5,637.00,5,637.00,1,090,361
Aug 23, 2024,5,597.75,5,662.25,5,597.75,5,652.50,5,652.50,1,415,472
Aug 22, 2024,5,642.00,5,665.25,5,582.75,5,594.00,5,594.00,1,409,474
Aug 21, 2024,5,619.50,5,655.25,5,613.50,5,641.50,5,641.50,1,086,814
Aug 20, 2024,5,629.50,5,643.75,5,607.75,5,619.75,5,619.75,1,020,393
Aug 19, 2024,5,584.00,5,631.75,5,565.25,5,630.00,5,630.00,1,010,612
Aug 16, 2024,5,568.50,5,586.25,5,536.50,5,578.25,5,578.25,1,183,498
Aug 15, 2024,5,481.25,5,571.75,5,471.75,5,567.50,5,567.50,1,440,377
Aug 14, 2024,5,457.50,5,487.75,5,438.75,5,477.00,5,477.00,1,301,826
Aug 13, 2024,5,372.50,5,461.25,5,367.50,5,459.00,5,459.00,1,271,171
Aug 12, 2024,5,364.25,5,396.75,5,347.75,5,369.75,5,369.75,1,219,995
Aug 9, 2024,5,348.25,5,385.25,5,319.50,5,370.25,5,370.25,1,412,017
Aug 8, 2024,5,208.25,5,361.00,5,182.00,5,348.25,5,348.25,1,912,347
Aug 7, 2024,5,241.50,5,359.25,5,196.75,5,227.50,5,227.50,2,247,229
Aug 6, 2024,5,250.00,5,342.00,5,221.75,5,266.25,5,266.25,2,172,067
Aug 5, 2024,5,330.00,5,345.50,5,120.00,5,217.50,5,217.50,3,436,090
Aug 2, 2024,5,464.25,5,473.25,5,331.75,5,376.00,5,376.00,3,239,738
Aug 1, 2024,5,574.75,5,600.75,5,444.75,5,480.25,5,480.25,2,751,690
Jul 31, 2024,5,454.75,5,588.50,5,451.50,5,558.00,5,558.00,2,156,505
Jul 30, 2024,5,504.50,5,527.50,5,433.00,5,472.50,5,472.50,2,053,956
Jul 29, 2024,5,496.50,5,534.50,5,481.00,5,503.00,5,503.00,1,697,647
Jul 26, 2024,5,446.00,5,528.25,5,445.25,5,499.00,5,499.00,1,977,698
Jul 25, 2024,5,482.50,5,533.25,5,432.50,5,441.25,5,441.25,2,888,086
Jul 24, 2024,5,585.00,5,585.00,5,462.00,5,472.00,5,472.00,2,178,690
Jul 23, 2024,5,607.75,5,629.75,5,587.75,5,599.25,5,599.25,1,385,653
Jul 22, 2024,5,564.50,5,616.00,5,553.50,5,610.75,5,610.75,1,671,918
Jul 19, 2024,5,602.50,5,607.50,5,542.00,5,553.75,5,553.75,2,106,581
Jul 18, 2024,5,644.00,5,664.00,5,570.25,5,594.50,5,594.50,2,528,379
Jul 17, 2024,5,715.00,5,717.75,5,631.75,5,639.00,5,639.00,2,059,862
Jul 16, 2024,5,688.75,5,721.25,5,673.00,5,717.25,5,717.25,1,485,113
Jul 15, 2024,5,681.00,5,718.75,5,665.50,5,683.00,5,683.00,1,701,349
Jul 12, 2024,5,638.50,5,708.25,5,621.25,5,664.75,5,664.75,1,684,437
Jul 11, 2024,5,684.25,5,707.75,5,630.00,5,639.75,5,639.75,1,970,766
Jul 10, 2024,5,631.75,5,690.50,5,630.75,5,688.00,5,688.00,1,200,224
Jul 9, 2024,5,627.75,5,645.75,5,626.25,5,631.25,5,631.25,1,063,568
Jul 8, 2024,5,612.00,5,637.50,5,610.75,5,625.25,5,625.25,981,186
Jul 5, 2024,5,591.00,5,626.00,5,585.00,5,621.50,5,621.50,1,233,173
Jul 3, 2024,5,563.75,5,595.75,5,559.75,5,590.25,5,590.25,808,966
Jul 2, 2024,5,533.50,5,569.75,5,502.75,5,568.75,5,568.75,1,315,097
Jul 1, 2024,5,534.25,5,541.00,5,504.50,5,533.75,5,533.75,1,432,355
Jun 28, 2024,5,548.25,5,585.00,5,510.75,5,521.50,5,521.50,1,855,777
Jun 27, 2024,5,533.00,5,555.00,5,515.75,5,546.00,5,546.00,1,257,121
Jun 26, 2024,5,535.00,5,551.75,5,516.25,5,543.50,5,543.50,1,197,372
Jun 25, 2024,5,516.00,5,539.75,5,511.00,5,537.00,5,537.00,1,141,183
Jun 24, 2024,5,538.50,5,558.50,5,510.25,5,517.00,5,517.00,1,410,359
Jun 21, 2024,5,477.00,5,483.75,5,460.50,5,471.89,5,471.89,1,392,213
Jun 20, 2024,5,492.75,5,518.50,5,458.50,5,476.75,5,476.75,571,332
Jun 18, 2024,5,480.25,5,494.00,5,473.50,5,491.00,5,491.00,820,053
Jun 17, 2024,5,435.50,5,494.00,5,424.75,5,478.50,5,478.50,1,589,643
Jun 14, 2024,5,436.00,5,443.00,5,397.75,5,437.50,5,437.50,1,789,793
Jun 13, 2024,5,436.25,5,452.75,5,408.50,5,438.50,5,438.50,1,682,858
Jun 12, 2024,5,384.50,5,454.50,5,380.00,5,427.50,5,427.50,1,899,786
Jun 11, 2024,5,369.75,5,386.25,5,334.50,5,384.00,5,384.00,1,413,433
Jun 10, 2024,5,351.50,5,375.75,5,338.25,5,371.25,5,371.25,1,185,881
Jun 7, 2024,5,362.00,5,385.50,5,329.00,5,355.75,5,355.75,1,591,439
Jun 6, 2024,5,367.75,5,373.25,5,345.25,5,364.00,5,364.00,1,228,240
Jun 5, 2024,5,305.00,5,368.25,5,302.50,5,366.00,5,366.00,1,450,596
Jun 4, 2024,5,300.25,5,312.25,5,262.00,5,304.00,5,304.00,1,679,093
Jun 3, 2024,5,299.50,5,313.25,5,246.75,5,297.25,5,297.25,1,785,532
May 31, 2024,5,250.50,5,307.00,5,205.50,5,295.50,5,295.50,2,452,894
May 30, 2024,5,270.50,5,277.00,5,238.25,5,253.00,5,253.00,1,495,148
May 29, 2024,5,323.75,5,324.00,5,268.25,5,284.00,5,284.00,1,445,855
May 28, 2024,5,321.75,5,339.00,5,296.75,5,324.75,5,324.75,1,387,872
May 24, 2024,5,285.75,5,329.25,5,285.75,5,321.50,5,321.50,1,264,244
May 23, 2024,5,339.00,5,368.25,5,273.50,5,285.25,5,285.25,2,012,153
May 22, 2024,5,343.50,5,349.25,5,306.75,5,328.00,5,328.00,1,257,477
May 21, 2024,5,331.75,5,347.50,5,322.50,5,345.25,5,345.25,1,011,849
May 20, 2024,5,329.25,5,348.25,5,323.75,5,331.75,5,331.75,1,031,456
May 17, 2024,5,318.25,5,328.75,5,305.75,5,327.25,5,327.25,1,052,765
May 16, 2024,5,331.50,5,349.00,5,315.50,5,320.25,5,320.25,1,207,843
May 15, 2024,5,268.50,5,337.25,5,266.25,5,333.00,5,333.00,1,391,029
May 14, 2024,5,241.75,5,274.25,5,216.75,5,269.50,5,269.50,1,252,615
May 13, 2024,5,240.50,5,264.00,5,233.25,5,245.50,5,245.50,922,763
May 10, 2024,5,240.75,5,264.00,5,232.75,5,246.25,5,246.25,1,112,925
May 9, 2024,5,209.25,5,244.75,5,195.00,5,239.00,5,239.00,1,094,931
May 8, 2024,5,211.75,5,218.00,5,188.75,5,212.75,5,212.75,1,013,418
May 7, 2024,5,204.75,5,226.75,5,202.25,5,213.75,5,213.75,1,106,457
May 6, 2024,5,166.75,5,207.75,5,155.75,5,206.50,5,206.50,1,019,307
May 3, 2024,5,110.25,5,166.75,5,099.25,5,154.75,5,154.75,1,604,172
May 2, 2024,5,057.00,5,113.00,5,036.25,5,091.50,5,091.50,1,573,131
May 1, 2024,5,050.00,5,126.75,5,037.75,5,046.50,5,046.50,1,955,160
Apr 30, 2024,5,148.50,5,148.50,5,051.00,5,067.00,5,067.00,1,675,335
Apr 29, 2024,5,140.25,5,154.25,5,118.75,5,147.00,5,147.00,1,163,440
Apr 26, 2024,5,132.00,5,146.50,5,104.50,5,131.50,5,131.50,1,455,855
Apr 25, 2024,5,070.00,5,132.75,5,022.25,5,082.25,5,082.25,1,887,635
Apr 24, 2024,5,115.25,5,128.75,5,072.25,5,107.50,5,107.50,1,512,469
Apr 23, 2024,5,051.00,5,113.50,5,037.75,5,106.50,5,106.50,1,357,493
Apr 22, 2024,5,014.25,5,076.75,5,006.00,5,047.50,5,047.50,1,584,393
Apr 19, 2024,5,047.25,5,058.00,4,963.50,5,003.75,5,003.75,2,357,143
Apr 18, 2024,5,063.00,5,095.25,5,038.50,5,049.00,5,049.00,1,701,401
Apr 17, 2024,5,096.25,5,120.50,5,047.00,5,062.25,5,062.25,1,928,645
Apr 16, 2024,5,101.25,5,123.25,5,078.75,5,092.50,5,092.50,2,098,015
Apr 15, 2024,5,166.50,5,213.25,5,094.00,5,104.00,5,104.00,2,226,105
Apr 12, 2024,5,244.00,5,248.75,5,150.00,5,167.50,5,167.50,2,005,106
Apr 11, 2024,5,202.00,5,257.50,5,173.50,5,243.25,5,243.25,1,762,470
Apr 10, 2024,5,264.25,5,285.00,5,176.50,5,207.75,5,207.75,2,369,864
Apr 9, 2024,5,258.00,5,274.25,5,208.25,5,260.25,5,260.25,1,651,973
Apr 8, 2024,5,263.25,5,269.25,5,236.50,5,253.25,5,253.25,1,167,648
Apr 5, 2024,5,199.75,5,272.50,5,191.50,5,253.00,5,253.00,1,908,306
Apr 4, 2024,5,270.75,5,308.50,5,192.50,5,197.25,5,197.25,1,941,274
Apr 3, 2024,5,262.50,5,280.75,5,244.50,5,266.50,5,266.50,1,402,981
Apr 2, 2024,5,294.50,5,296.00,5,235.00,5,260.50,5,260.50,1,426,691
Apr 1, 2024,5,314.25,5,333.50,5,282.25,5,295.25,5,295.25,1,125,234
Mar 28, 2024,5,308.00,5,321.00,5,301.00,5,308.50,5,308.50,1,317,836
Mar 27, 2024,5,273.25,5,313.75,5,270.75,5,308.25,5,308.25,1,487,671
Mar 26, 2024,5,280.75,5,300.50,5,263.00,5,265.25,5,265.25,1,092,706
Mar 25, 2024,5,290.50,5,295.00,5,272.50,5,278.25,5,278.25,920,608
Mar 22, 2024,5,306.75,5,311.75,5,287.75,5,293.25,5,293.25,1,162,606
Mar 21, 2024,5,294.75,5,322.75,5,293.50,5,302.50,5,302.50,1,326,994
Mar 20, 2024,5,239.75,5,297.75,5,233.00,5,286.75,5,286.75,1,404,974
Mar 19, 2024,5,215.25,5,244.75,5,186.00,5,241.75,5,241.75,1,440,289
Mar 18, 2024,5,185.75,5,240.25,5,181.75,5,214.75,5,214.75,1,377,276
Mar 15, 2024,5,152.25,5,167.00,5,101.67,5,101.67,5,101.67,1,927,775
Mar 14, 2024,5,171.50,5,189.50,5,124.25,5,153.75,5,153.75,476,074
Mar 13, 2024,5,176.00,5,183.75,5,153.00,5,168.00,5,168.00,540,170
Mar 12, 2024,5,129.00,5,183.00,5,112.75,5,177.25,5,177.25,1,211,911
Mar 11, 2024,5,132.50,5,133.25,5,094.75,5,123.00,5,123.00,1,840,000
Mar 8, 2024,5,159.25,5,193.00,5,121.75,5,129.00,5,129.00,2,786,680
Mar 7, 2024,5,114.25,5,170.50,5,086.50,5,161.75,5,161.75,1,791,666
Mar 6, 2024,5,091.00,5,134.50,5,083.75,5,111.75,5,111.75,1,996,223
Mar 5, 2024,5,133.75,5,135.50,5,063.00,5,085.75,5,085.75,1,885,769
Mar 4, 2024,5,142.00,5,157.75,5,132.00,5,138.25,5,138.25,1,208,040
Mar 1, 2024,5,101.50,5,149.25,5,089.25,5,146.00,5,146.00,1,597,331
Feb 29, 2024,5,072.00,5,114.50,5,060.00,5,103.75,5,103.75,1,790,702
Feb 28, 2024,5,090.75,5,091.25,5,063.25,5,081.00,5,081.00,1,201,011
Feb 27, 2024,5,077.50,5,093.00,5,067.00,5,090.00,5,090.00,1,026,819
Feb 26, 2024,5,095.00,5,108.00,5,076.25,5,080.25,5,080.25,1,094,682
Feb 23, 2024,5,094.25,5,123.50,5,092.00,5,101.50,5,101.50,1,340,050
Feb 22, 2024,5,016.00,5,107.75,5,015.25,5,097.75,5,097.75,1,738,869
Feb 21, 2024,4,990.00,5,020.50,4,959.00,4,996.25,4,996.25,1,485,687
Feb 20, 2024,5,016.50,5,029.50,4,968.25,4,991.50,4,991.50,1,609,827
Feb 16, 2024,5,049.50,5,059.25,5,012.75,5,019.75,5,019.75,1,527,729
Feb 15, 2024,5,017.50,5,051.75,5,011.00,5,046.50,5,046.50,1,361,757
Feb 14, 2024,4,974.25,5,022.50,4,968.75,5,018.00,5,018.00,1,632,071
Feb 13, 2024,5,034.00,5,040.00,4,936.50,4,971.25,4,971.25,2,112,726
Feb 12, 2024,5,042.50,5,066.50,5,031.50,5,041.25,5,041.25,1,141,487
Feb 9, 2024,5,014.50,5,048.50,5,013.00,5,044.00,5,044.00,1,212,336
Feb 8, 2024,5,015.75,5,020.00,5,003.75,5,017.75,5,017.75,997,431
Feb 7, 2024,4,971.50,5,020.00,4,970.00,5,015.25,5,015.25,1,336,172
Feb 6, 2024,4,959.50,4,978.25,4,954.50,4,974.75,4,974.75,1,267,419
Feb 5, 2024,4,976.00,4,980.75,4,937.75,4,962.00,4,962.00,1,504,676
Feb 2, 2024,4,952.75,4,997.75,4,925.75,4,980.25,4,980.25,1,957,796
Feb 1, 2024,4,874.50,4,963.75,4,872.50,4,928.50,4,928.50,1,835,510
Jan 31, 2024,4,930.25,4,938.00,4,866.00,4,870.50,4,870.50,2,285,993
Jan 30, 2024,4,950.25,4,957.25,4,933.00,4,951.00,4,951.00,1,157,425
Jan 29, 2024,4,908.75,4,956.00,4,901.75,4,954.50,4,954.50,1,197,989
Jan 26, 2024,4,919.25,4,934.25,4,898.50,4,916.25,4,916.25,1,363,612
Jan 25, 2024,4,899.50,4,926.50,4,893.25,4,923.25,4,923.25,1,532,026
Jan 24, 2024,4,900.25,4,933.25,4,889.00,4,898.00,4,898.00,1,586,824
Jan 23, 2024,4,881.75,4,902.00,4,874.25,4,895.00,4,895.00,1,130,749
Jan 22, 2024,4,872.50,4,898.25,4,872.50,4,881.00,4,881.00,1,356,050
Jan 19, 2024,4,811.25,4,874.25,4,808.50,4,869.50,4,869.50,1,876,757
Jan 18, 2024,4,768.00,4,817.00,4,763.50,4,811.25,4,811.25,1,746,936
Jan 17, 2024,4,799.75,4,800.75,4,746.25,4,771.25,4,771.25,1,663,328
Jan 16, 2024,4,812.00,4,823.00,4,779.50,4,798.50,4,798.50,1,905,532
Jan 12, 2024,4,811.25,4,836.50,4,791.50,4,816.50,4,816.50,1,519,899
Jan 11, 2024,4,820.50,4,838.00,4,772.75,4,815.50,4,815.50,1,795,564
Jan 10, 2024,4,790.75,4,828.50,4,786.00,4,820.25,4,820.25,1,377,780
Jan 9, 2024,4,797.75,4,804.00,4,767.50,4,792.75,4,792.75,1,369,103
Jan 8, 2024,4,735.75,4,803.25,4,715.25,4,801.25,4,801.25,1,417,728
Jan 5, 2024,4,732.75,4,760.25,4,702.00,4,734.75,4,734.75,1,767,245
Jan 4, 2024,4,750.00,4,766.50,4,727.00,4,729.50,4,729.50,1,395,366
Jan 3, 2024,4,790.75,4,790.75,4,741.00,4,746.50,4,746.50,1,707,174
Jan 2, 2024,4,818.00,4,828.00,4,765.50,4,787.25,4,787.25,1,678,142
Dec 29, 2023,4,834.75,4,841.00,4,796.75,4,820.00,4,820.00,1,281,733
Dec 28, 2023,4,834.50,4,841.50,4,828.00,4,832.25,4,832.25,927,035
Dec 27, 2023,4,827.75,4,836.50,4,816.50,4,833.50,4,833.50,1,042,284
Dec 26, 2023,4,800.25,4,834.50,4,800.25,4,825.00,4,825.00,688,201
Dec 22, 2023,4,795.75,4,821.75,4,784.75,4,805.25,4,805.25,1,326,697
Dec 21, 2023,4,751.00,4,798.25,4,751.00,4,796.75,4,796.75,1,687,065
Dec 20, 2023,4,818.50,4,830.75,4,743.25,4,749.75,4,749.75,1,749,145
Dec 19, 2023,4,790.50,4,821.50,4,787.75,4,820.25,4,820.25,1,122,973
Dec 18, 2023,4,770.50,4,802.25,4,769.50,4,793.00,4,793.00,1,139,029
Dec 15, 2023,4,716.00,4,736.50,4,694.27,4,694.27,4,694.27,1,801,823
Dec 14, 2023,4,708.00,4,739.25,4,694.25,4,721.75,4,721.75,560,819
Dec 13, 2023,4,649.00,4,711.75,4,645.00,4,708.25,4,708.25,739,684
Dec 12, 2023,4,625.00,4,649.75,4,610.50,4,645.75,4,645.75,1,052,077
Dec 11, 2023,4,607.75,4,627.25,4,599.50,4,626.00,4,626.00,1,663,229
Dec 8, 2023,4,586.50,4,613.75,4,561.75,4,607.50,4,607.50,2,289,425
Dec 7, 2023,4,556.00,4,596.00,4,548.75,4,589.50,4,589.50,1,832,361
Dec 6, 2023,4,573.25,4,598.50,4,552.00,4,556.00,4,556.00,1,837,961
Dec 5, 2023,4,573.00,4,585.50,4,555.50,4,575.00,4,575.00,1,890,825
Dec 4, 2023,4,603.25,4,604.50,4,553.50,4,576.50,4,576.50,1,818,991
Dec 1, 2023,4,571.75,4,607.75,4,562.50,4,600.75,4,600.75,1,914,151
Nov 30, 2023,4,562.25,4,579.50,4,544.75,4,576.75,4,576.75,2,056,268
Nov 29, 2023,4,564.00,4,597.00,4,555.50,4,559.25,4,559.25,1,592,398
Nov 28, 2023,4,561.50,4,577.25,4,547.00,4,563.00,4,563.00,1,441,119
Nov 27, 2023,4,568.50,4,570.00,4,552.00,4,561.00,4,561.00,1,124,213
Nov 24, 2023,4,564.00,4,574.00,4,562.00,4,568.25,4,568.25,572,702
Nov 23, 2023,4,564.00,4,572.75,4,562.00,4,569.50,4,569.50,1,403,636
Nov 22, 2023,4,547.75,4,580.50,4,543.00,4,567.25,4,567.25,1,403,636
Nov 21, 2023,4,561.75,4,567.00,4,536.75,4,551.25,4,551.25,1,101,669
Nov 20, 2023,4,526.75,4,571.00,4,520.00,4,562.25,4,562.25,1,220,790
Nov 17, 2023,4,527.75,4,539.50,4,512.75,4,527.50,4,527.50,1,331,912
Nov 16, 2023,4,514.25,4,529.50,4,501.75,4,523.25,4,523.25,1,491,734
Nov 15, 2023,4,515.50,4,541.25,4,510.75,4,519.25,4,519.25,1,573,452
Nov 14, 2023,4,427.25,4,524.25,4,420.25,4,511.00,4,511.00,1,901,847
Nov 13, 2023,4,425.75,4,436.75,4,407.25,4,425.25,4,425.25,1,276,182
Nov 10, 2023,4,364.50,4,435.50,4,354.25,4,430.50,4,430.50,1,752,002
Nov 9, 2023,4,393.25,4,413.00,4,357.75,4,362.25,4,362.25,1,972,630
Nov 8, 2023,4,397.50,4,407.75,4,375.00,4,399.50,4,399.50,1,390,288
Nov 7, 2023,4,380.00,4,403.25,4,366.00,4,396.00,4,396.00,1,371,257
Nov 6, 2023,4,379.25,4,389.50,4,364.25,4,384.25,4,384.25,1,348,878
Nov 3, 2023,4,327.50,4,391.75,4,325.50,4,376.00,4,376.00,1,803,552
Nov 2, 2023,4,258.50,4,339.75,4,257.75,4,335.75,4,335.75,1,819,596
Nov 1, 2023,4,205.00,4,264.75,4,191.25,4,256.00,4,256.00,2,027,080
Oct 31, 2023,4,184.25,4,215.00,4,166.75,4,212.25,4,212.25,1,836,212
Oct 30, 2023,4,148.00,4,197.50,4,143.50,4,185.75,4,185.75,1,904,610
Oct 27, 2023,4,167.00,4,185.00,4,122.25,4,137.75,4,137.75,2,195,767
Oct 26, 2023,4,202.00,4,205.00,4,146.25,4,156.50,4,156.50,2,419,407
Oct 25, 2023,4,269.50,4,273.50,4,203.75,4,209.75,4,209.75,1,981,633
Oct 24, 2023,4,250.25,4,290.50,4,242.00,4,271.25,4,271.25,1,807,092
Oct 23, 2023,4,256.25,4,280.75,4,213.25,4,241.75,4,241.75,1,963,670
Oct 20, 2023,4,295.00,4,304.25,4,243.50,4,248.50,4,248.50,2,328,806
Oct 19, 2023,4,346.50,4,366.50,4,292.75,4,303.00,4,303.00,2,741,942
Oct 18, 2023,4,398.00,4,399.25,4,330.75,4,342.25,4,342.25,2,271,572
Oct 17, 2023,4,406.25,4,423.25,4,365.75,4,401.75,4,401.75,1,879,736
Oct 16, 2023,4,356.75,4,414.25,4,354.50,4,401.00,4,401.00,1,668,948
Oct 13, 2023,4,380.75,4,407.75,4,340.75,4,357.25,4,357.25,2,159,101
Oct 12, 2023,4,417.75,4,430.50,4,355.50,4,380.50,4,380.50,1,881,573
Oct 11, 2023,4,392.00,4,419.75,4,377.25,4,409.75,4,409.75,1,489,644
Oct 10, 2023,4,368.75,4,419.00,4,366.25,4,391.50,4,391.50,1,610,271
Oct 9, 2023,4,315.00,4,375.75,4,299.50,4,368.75,4,368.75,1,485,254
Oct 6, 2023,4,287.50,4,358.50,4,242.25,4,341.50,4,341.50,2,216,456
Oct 5, 2023,4,291.50,4,302.00,4,258.00,4,290.75,4,290.75,1,673,477
Oct 4, 2023,4,262.75,4,304.00,4,235.50,4,297.75,4,297.75,2,168,271
Oct 3, 2023,4,326.00,4,335.75,4,251.25,4,264.75,4,264.75,2,256,808
Oct 2, 2023,4,349.00,4,355.50,4,295.50,4,324.25,4,324.25,1,950,463
Sep 29, 2023,4,342.00,4,371.25,4,311.00,4,325.50,4,325.50,2,106,053
Sep 28, 2023,4,323.25,4,355.75,4,301.00,4,337.50,4,337.50,2,012,088
Sep 27, 2023,4,320.25,4,336.50,4,277.00,4,313.50,4,313.50,1,965,913
Sep 26, 2023,4,382.00,4,382.00,4,305.50,4,314.75,4,314.75,1,758,048
Sep 25, 2023,4,365.00,4,383.50,4,338.25,4,378.75,4,378.75,1,561,595
Sep 22, 2023,4,370.25,4,399.00,4,357.25,4,361.00,4,361.00,1,736,576
Sep 21, 2023,4,445.00,4,447.00,4,366.50,4,372.00,4,372.00,1,998,638
Sep 20, 2023,4,491.25,4,508.00,4,443.25,4,447.00,4,447.00,1,482,206
Sep 19, 2023,4,503.25,4,509.50,4,462.25,4,490.00,4,490.00,1,422,950
Sep 18, 2023,4,499.50,4,514.50,4,487.00,4,501.50,4,501.50,1,155,158
Sep 15, 2023,4,508.00,4,517.75,4,480.00,4,491.72,4,491.72,1,825,966
Sep 14, 2023,4,471.75,4,513.00,4,470.25,4,506.00,4,506.00,454,906
Sep 13, 2023,4,464.50,4,481.00,4,446.75,4,468.75,4,468.75,690,872
Sep 12, 2023,4,487.75,4,491.00,4,458.75,4,465.00,4,465.00,1,153,961
Sep 11, 2023,4,463.50,4,493.50,4,459.25,4,490.25,4,490.25,1,714,266
Sep 8, 2023,4,458.25,4,477.50,4,443.00,4,461.75,4,461.75,1,686,158
Sep 7, 2023,4,469.50,4,471.75,4,434.25,4,456.25,4,456.25,1,602,226
Sep 6, 2023,4,500.00,4,503.75,4,447.00,4,471.50,4,471.50,1,600,128
Sep 5, 2023,4,521.25,4,531.25,4,499.25,4,502.50,4,502.50,1,391,805
Sep 1, 2023,4,516.75,4,547.75,4,507.25,4,521.50,4,521.50,1,416,762
Aug 31, 2023,4,527.00,4,541.25,4,512.75,4,516.00,4,516.00,1,395,751
Aug 30, 2023,4,508.75,4,530.75,4,496.25,4,524.25,4,524.25,1,397,669
Aug 29, 2023,4,444.00,4,509.50,4,433.50,4,506.75,4,506.75,1,444,714
Aug 28, 2023,4,418.00,4,449.50,4,414.50,4,442.25,4,442.25,1,266,414
Aug 25, 2023,4,384.50,4,429.00,4,365.25,4,414.25,4,414.25,1,853,335
Aug 24, 2023,4,470.50,4,485.50,4,378.50,4,386.00,4,386.00,1,783,795
Aug 23, 2023,4,400.00,4,476.25,4,399.50,4,447.00,4,447.00,1,306,640
Aug 22, 2023,4,410.25,4,440.00,4,394.25,4,399.25,4,399.25,1,375,651
Aug 21, 2023,4,382.50,4,421.00,4,372.25,4,412.50,4,412.50,1,361,470
Aug 18, 2023,4,379.25,4,396.00,4,350.00,4,382.75,4,382.75,1,746,289
Aug 17, 2023,4,420.50,4,436.75,4,377.75,4,384.50,4,384.50,1,630,481
Aug 16, 2023,4,453.25,4,467.25,4,417.00,4,420.00,4,420.00,1,499,218
Aug 15, 2023,4,505.75,4,517.75,4,447.00,4,454.00,4,454.00,1,492,516
Aug 14, 2023,4,485.00,4,507.75,4,465.00,4,506.00,4,506.00,1,277,132
Aug 11, 2023,4,487.75,4,496.25,4,459.00,4,480.75,4,480.75,1,511,048
Aug 10, 2023,4,493.25,4,544.75,4,473.50,4,485.75,4,485.75,2,227,022
Aug 9, 2023,4,516.50,4,536.25,4,478.25,4,485.75,4,485.75,1,640,285
Aug 8, 2023,4,539.50,4,541.00,4,482.00,4,518.50,4,518.50,1,696,546
Aug 7, 2023,4,500.50,4,541.75,4,500.50,4,537.75,4,537.75,1,397,301
Aug 4, 2023,4,523.50,4,560.75,4,493.75,4,498.00,4,498.00,2,044,936
Aug 3, 2023,4,534.25,4,547.50,4,505.75,4,521.75,4,521.75,1,764,076
Aug 2, 2023,4,580.00,4,593.50,4,527.75,4,537.25,4,537.25,1,917,865
Aug 1, 2023,4,617.75,4,621.75,4,591.00,4,601.25,4,601.25,1,212,261
Jul 31, 2023,4,608.75,4,619.25,4,595.25,4,614.50,4,614.50,1,299,434
Jul 28, 2023,4,566.00,4,616.50,4,558.00,4,606.50,4,606.50,1,573,973
Jul 27, 2023,4,594.75,4,634.50,4,553.75,4,564.25,4,564.25,1,924,565
Jul 26, 2023,4,604.75,4,610.75,4,573.75,4,595.25,4,595.25,1,372,426
Jul 25, 2023,4,584.50,4,608.75,4,579.25,4,596.00,4,596.00,1,219,737
Jul 24, 2023,4,564.25,4,592.50,4,560.00,4,583.50,4,583.50,1,203,661
Jul 21, 2023,4,566.25,4,590.00,4,561.75,4,564.75,4,564.75,1,432,643
Jul 20, 2023,4,593.25,4,594.25,4,557.25,4,565.50,4,565.50,1,527,727
Jul 19, 2023,4,582.75,4,609.25,4,582.25,4,597.00,4,597.00,1,538,747
Jul 18, 2023,4,550.25,4,594.50,4,544.75,4,587.75,4,587.75,1,301,460
Jul 17, 2023,4,536.00,4,565.75,4,528.00,4,553.75,4,553.75,1,057,965
Jul 14, 2023,4,539.50,4,560.50,4,531.00,4,536.75,4,536.75,1,381,069
Jul 13, 2023,4,510.50,4,551.50,4,509.25,4,543.50,4,543.50,1,158,193
Jul 12, 2023,4,471.00,4,523.75,4,470.00,4,507.50,4,507.50,1,784,296
Jul 11, 2023,4,445.75,4,478.50,4,439.00,4,473.50,4,473.50,1,340,232
Jul 10, 2023,4,437.50,4,448.25,4,411.25,4,444.25,4,444.25,1,361,155
Jul 7, 2023,4,441.25,4,476.00,4,431.50,4,434.00,4,434.00,1,691,644
Jul 6, 2023,4,481.75,4,483.50,4,419.50,4,447.00,4,447.00,1,741,520
Jul 5, 2023,4,492.00,4,493.75,4,466.25,4,483.75,4,483.75,1,193,759
Jul 3, 2023,4,485.50,4,494.00,4,479.50,4,492.25,4,492.25,641,289
Jun 30, 2023,4,435.25,4,498.00,4,433.00,4,488.25,4,488.25,1,774,940
Jun 29, 2023,4,423.75,4,438.00,4,409.75,4,435.75,4,435.75,1,628,750
Jun 28, 2023,4,414.00,4,430.25,4,399.25,4,417.50,4,417.50,1,689,461
Jun 27, 2023,4,375.75,4,424.75,4,371.50,4,418.75,4,418.75,1,512,256
Jun 26, 2023,4,390.00,4,403.00,4,368.50,4,370.25,4,370.25,1,622,416
Jun 23, 2023,4,425.75,4,426.25,4,381.50,4,389.00,4,389.00,1,550,992
Jun 22, 2023,4,410.00,4,427.00,4,393.00,4,423.75,4,423.75,1,384,002
Jun 21, 2023,4,430.25,4,438.50,4,403.50,4,409.25,4,409.25,1,468,258
Jun 20, 2023,4,458.00,4,462.00,4,410.50,4,434.75,4,434.75,1,540,416
Jun 16, 2023,4,424.75,4,453.35,4,415.25,4,453.35,4,453.35,1,895,105
Jun 15, 2023,4,378.75,4,441.00,4,350.00,4,426.50,4,426.50,486,414
Jun 14, 2023,4,372.00,4,394.75,4,339.75,4,374.25,4,374.25,758,316
Jun 13, 2023,4,345.00,4,377.75,4,335.75,4,371.75,4,371.75,1,317,118
Jun 12, 2023,4,306.50,4,346.50,4,305.25,4,342.75,4,342.75,1,665,175
Jun 9, 2023,4,297.75,4,325.50,4,284.00,4,304.75,4,304.75,2,176,645
Jun 8, 2023,4,273.25,4,302.50,4,262.75,4,298.25,4,298.25,1,664,333
Jun 7, 2023,4,292.25,4,304.75,4,269.25,4,274.25,4,274.25,1,925,195
Jun 6, 2023,4,279.75,4,294.75,4,268.50,4,289.75,4,289.75,1,548,125
Jun 5, 2023,4,288.00,4,305.75,4,273.00,4,281.00,4,281.00,1,668,759
Jun 2, 2023,4,231.75,4,297.75,4,229.00,4,288.00,4,288.00,1,955,603
Jun 1, 2023,4,188.50,4,239.75,4,178.00,4,228.00,4,228.00,1,868,363
May 31, 2023,4,213.00,4,217.75,4,174.00,4,190.50,4,190.50,2,138,566
May 30, 2023,4,239.75,4,243.25,4,200.00,4,215.00,4,215.00,1,957,579
May 26, 2023,4,157.00,4,221.25,4,146.00,4,213.25,4,213.25,1,744,425
May 25, 2023,4,157.00,4,175.50,4,131.50,4,159.75,4,159.75,1,966,626
May 24, 2023,4,158.00,4,166.25,4,114.00,4,126.00,4,126.00,1,911,903
May 23, 2023,4,207.50,4,222.75,4,153.00,4,158.75,4,158.75,1,685,056
May 22, 2023,4,189.00,4,221.75,4,186.50,4,205.00,4,205.00,1,302,845
May 19, 2023,4,215.50,4,227.25,4,191.50,4,204.75,4,204.75,1,713,351
May 18, 2023,4,171.25,4,215.75,4,161.25,4,212.00,4,212.00,1,760,668
May 17, 2023,4,126.00,4,179.00,4,122.00,4,171.50,4,171.50,1,584,910
May 16, 2023,4,148.25,4,151.50,4,120.00,4,123.00,4,123.00,1,316,691
May 15, 2023,4,132.25,4,156.25,4,123.00,4,150.00,4,150.00,1,179,165
May 12, 2023,4,144.50,4,164.50,4,111.75,4,138.00,4,138.00,1,434,601
May 11, 2023,4,152.75,4,168.50,4,121.50,4,143.75,4,143.75,1,473,383
May 10, 2023,4,133.00,4,173.25,4,112.25,4,152.00,4,152.00,1,887,587
May 9, 2023,4,150.50,4,153.00,4,131.00,4,134.00,4,134.00,1,000,924
May 8, 2023,4,151.00,4,161.00,4,137.50,4,152.75,4,152.75,1,026,014
May 5, 2023,4,077.25,4,163.25,4,076.75,4,150.25,4,150.25,1,545,895
May 4, 2023,4,087.00,4,118.00,4,062.25,4,075.75,4,075.75,1,994,772
May 3, 2023,4,133.25,4,167.00,4,095.00,4,107.50,4,107.50,1,658,392
May 2, 2023,4,179.50,4,191.50,4,105.50,4,136.75,4,136.75,2,034,176
May 1, 2023,4,190.00,4,206.25,4,178.50,4,185.75,4,185.75,1,240,490
Apr 28, 2023,4,151.00,4,193.75,4,131.50,4,188.50,4,188.50,1,753,803
Apr 27, 2023,4,085.50,4,166.50,4,080.75,4,153.75,4,153.75,1,686,692
Apr 26, 2023,4,110.25,4,116.25,4,068.75,4,076.00,4,076.00,1,814,741
Apr 25, 2023,4,157.25,4,158.50,4,091.50,4,093.25,4,093.25,1,770,908
Apr 24, 2023,4,150.00,4,164.25,4,133.50,4,159.50,4,159.50,1,328,041
Apr 21, 2023,4,153.75,4,161.00,4,135.25,4,156.75,4,156.75,1,645,161
Apr 20, 2023,4,172.25,4,173.50,4,137.00,4,152.50,4,152.50,1,768,379
Apr 19, 2023,4,176.00,4,187.50,4,150.50,4,178.50,4,178.50,1,292,622
Apr 18, 2023,4,177.00,4,198.25,4,164.50,4,180.00,4,180.00,1,427,797
Apr 17, 2023,4,174.25,4,180.50,4,148.00,4,176.75,4,176.75,1,298,123
Apr 14, 2023,4,168.75,4,189.00,4,138.00,4,163.75,4,163.75,1,882,896
Apr 13, 2023,4,117.50,4,177.00,4,110.25,4,172.75,4,172.75,1,458,785
Apr 12, 2023,4,137.50,4,177.75,4,113.50,4,119.00,4,119.00,1,853,671
Apr 11, 2023,4,138.50,4,151.75,4,128.75,4,136.50,4,136.50,1,221,824
Apr 10, 2023,4,139.00,4,143.00,4,098.75,4,136.25,4,136.25,1,167,715
Apr 6, 2023,4,113.75,4,135.25,4,096.50,4,132.00,4,132.00,73,009
Apr 5, 2023,4,134.00,4,135.50,4,099.00,4,117.25,4,117.25,1,470,176
Apr 4, 2023,4,152.50,4,171.75,4,115.25,4,129.00,4,129.00,1,582,414
Apr 3, 2023,4,127.00,4,157.75,4,122.75,4,153.75,4,153.75,1,380,286
Mar 31, 2023,4,081.00,4,142.50,4,078.00,4,137.75,4,137.75,1,695,840
Mar 30, 2023,4,058.00,4,087.75,4,052.50,4,080.00,4,080.00,1,328,529
Mar 29, 2023,4,006.50,4,061.25,4,006.00,4,057.50,4,057.50,1,389,352
Mar 28, 2023,4,013.50,4,023.75,3,980.75,4,001.50,4,001.50,1,224,495
Mar 27, 2023,4,008.00,4,034.25,3,997.50,4,007.25,4,007.25,1,304,572
Mar 24, 2023,3,988.75,4,010.75,3,937.00,4,001.25,4,001.25,1,944,981
Mar 23, 2023,3,972.75,4,039.50,3,948.50,3,978.00,3,978.00,2,236,954
Mar 22, 2023,4,038.75,4,073.75,3,966.25,3,970.50,3,970.50,1,802,929
Mar 21, 2023,3,986.50,4,043.25,3,981.75,4,035.75,4,035.75,1,531,670
Mar 20, 2023,3,963.75,3,989.50,3,897.25,3,983.00,3,983.00,1,818,807
Mar 17, 2023,3,962.25,3,974.00,3,923.00,3,957.05,3,957.05,2,224,268
Mar 16, 2023,3,892.75,3,966.50,3,863.25,3,960.50,3,960.50,466,914
Mar 15, 2023,3,920.50,3,931.00,3,834.00,3,892.75,3,892.75,833,643
Mar 14, 2023,3,865.75,3,938.00,3,855.25,3,920.50,3,920.50,1,606,509
Mar 13, 2023,3,887.75,3,938.75,3,808.75,3,856.75,3,856.75,2,750,477
Mar 10, 2023,3,919.00,3,941.75,3,846.25,3,862.75,3,862.75,3,285,811
Mar 9, 2023,3,997.00,4,019.75,3,909.50,3,920.00,3,920.00,2,547,423
Mar 8, 2023,3,990.00,4,003.25,3,971.50,3,995.00,3,995.00,1,831,712
Mar 7, 2023,4,053.75,4,064.50,3,982.50,3,989.75,3,989.75,2,141,615
Mar 6, 2023,4,049.25,4,082.50,4,041.75,4,052.50,4,052.50,1,528,845
Mar 3, 2023,3,983.00,4,053.00,3,974.00,4,049.75,4,049.75,1,665,102
Mar 2, 2023,3,959.75,3,995.25,3,925.00,3,984.75,3,984.75,1,836,555
Mar 1, 2023,3,968.50,3,991.00,3,943.00,3,956.50,3,956.50,2,042,321
Feb 28, 2023,3,991.50,4,003.75,3,965.00,3,975.50,3,975.50,1,847,930
Feb 27, 2023,3,976.50,4,024.75,3,973.00,3,988.00,3,988.00,1,621,961
Feb 24, 2023,4,015.25,4,023.25,3,947.50,3,975.75,3,975.75,2,063,242
Feb 23, 2023,4,010.00,4,034.25,3,974.25,4,018.75,4,018.75,1,955,820
Feb 22, 2023,4,007.50,4,025.00,3,983.75,3,999.00,3,999.00,1,925,300
Feb 21, 2023,4,083.00,4,089.25,4,002.00,4,005.75,4,005.75,1,883,040
Feb 17, 2023,4,095.50,4,096.00,4,055.75,4,087.50,4,087.50,2,008,448
Feb 16, 2023,4,159.00,4,168.50,4,095.00,4,099.75,4,099.75,2,042,993
Feb 15, 2023,4,141.25,4,161.75,4,113.00,4,158.25,4,158.25,1,611,550
Feb 14, 2023,4,149.75,4,186.50,4,103.75,4,145.50,4,145.50,2,379,034
Feb 13, 2023,4,105.00,4,150.75,4,078.75,4,147.25,4,147.25,1,376,325
Feb 10, 2023,4,098.00,4,104.25,4,060.75,4,099.75,4,099.75,1,744,956
Feb 9, 2023,4,132.25,4,170.25,4,078.25,4,091.75,4,091.75,1,828,571
Feb 8, 2023,4,167.25,4,179.25,4,121.25,4,130.50,4,130.50,1,804,101
Feb 7, 2023,4,123.50,4,188.25,4,098.25,4,175.75,4,175.75,2,180,936
Feb 6, 2023,4,134.25,4,143.00,4,104.00,4,123.50,4,123.50,1,560,324
Feb 3, 2023,4,176.00,4,194.00,4,132.50,4,147.75,4,147.75,2,354,996
Feb 2, 2023,4,145.50,4,208.50,4,136.75,4,191.50,4,191.50,2,290,729
Feb 1, 2023,4,085.75,4,163.25,4,048.50,4,132.25,4,132.25,2,000,400
Jan 31, 2023,4,039.25,4,091.25,4,007.50,4,090.00,4,090.00,1,790,751
Jan 30, 2023,4,077.00,4,086.00,4,029.50,4,032.50,4,032.50,1,786,112
Jan 27, 2023,4,065.00,4,109.25,4,057.25,4,084.25,4,084.25,1,587,936
Jan 26, 2023,4,031.00,4,077.00,4,027.25,4,075.50,4,075.50,1,613,804
Jan 25, 2023,4,039.00,4,040.50,3,963.25,4,032.00,4,032.00,1,760,515
Jan 24, 2023,4,036.50,4,047.50,4,005.25,4,032.75,4,032.75,1,472,856
Jan 23, 2023,3,987.00,4,056.75,3,980.25,4,036.50,4,036.50,1,594,736
Jan 20, 2023,3,925.00,3,990.50,3,911.75,3,988.50,3,988.50,1,620,355
Jan 19, 2023,3,945.25,3,948.75,3,901.75,3,915.50,3,915.50,1,896,890
Jan 18, 2023,4,008.50,4,033.50,3,943.75,3,945.75,3,945.75,1,902,551
Jan 17, 2023,4,020.00,4,035.25,3,996.75,4,009.50,4,009.50,1,423,931
Jan 13, 2023,4,003.00,4,024.25,3,961.75,4,018.25,4,018.25,1,456,784
Jan 12, 2023,3,991.75,4,021.50,3,954.00,4,003.50,4,003.50,2,102,587
Jan 11, 2023,3,941.00,3,992.50,3,934.50,3,990.00,3,990.00,1,398,769
Jan 10, 2023,3,914.50,3,943.75,3,891.50,3,940.75,3,940.75,1,520,955
Jan 9, 2023,3,918.50,3,973.25,3,909.75,3,913.75,3,913.75,1,697,887
Jan 6, 2023,3,833.00,3,928.75,3,819.00,3,915.50,3,915.50,2,026,154
Jan 5, 2023,3,871.00,3,885.50,3,822.50,3,829.00,3,829.00,1,679,973
Jan 4, 2023,3,842.75,3,896.25,3,836.50,3,874.50,3,874.50,1,912,155
Jan 3, 2023,3,895.00,3,906.75,3,814.50,3,846.00,3,846.00,1,782,473
Dec 30, 2022,3,869.75,3,871.00,3,821.50,3,861.00,3,861.00,1,401,810
Dec 29, 2022,3,811.00,3,882.75,3,806.25,3,871.75,3,871.75,1,146,984
Dec 28, 2022,3,858.00,3,875.00,3,804.50,3,807.50,3,807.50,1,282,810
Dec 27, 2022,3,878.00,3,900.50,3,837.25,3,855.00,3,855.00,1,006,414
Dec 23, 2022,3,850.00,3,872.50,3,821.25,3,869.75,3,869.75,1,374,913
Dec 22, 2022,3,915.00,3,919.75,3,788.50,3,849.25,3,849.25,1,842,326
Dec 21, 2022,3,857.25,3,918.75,3,855.50,3,905.75,3,905.75,1,522,069
Dec 20, 2022,3,842.75,3,866.50,3,803.50,3,849.25,3,849.25,1,541,868
Dec 19, 2022,3,874.00,3,899.00,3,827.25,3,845.50,3,845.50,1,405,774
Dec 16, 2022,3,890.50,3,904.25,3,842.00,3,871.47,3,871.47,1,965,701
Dec 15, 2022,4,004.25,4,010.25,3,878.50,3,897.00,3,897.00,560,669
Dec 14, 2022,4,021.75,4,073.00,3,965.25,3,998.00,3,998.00,712,439
Dec 13, 2022,3,989.25,4,145.00,3,985.00,4,022.25,4,022.25,1,419,560
Dec 12, 2022,3,933.00,3,992.75,3,924.50,3,991.75,3,991.75,1,619,977
Dec 9, 2022,3,964.75,3,990.00,3,930.00,3,936.25,3,936.25,1,739,761
Dec 8, 2022,3,935.75,3,977.25,3,916.00,3,965.75,3,965.75,1,708,915
Dec 7, 2022,3,944.50,3,961.50,3,914.00,3,936.75,3,936.75,1,756,473
Dec 6, 2022,4,005.75,4,014.75,3,921.50,3,945.00,3,945.00,1,869,101
Dec 5, 2022,4,074.00,4,075.75,3,987.25,4,003.25,4,003.25,1,497,688
Dec 2, 2022,4,077.50,4,085.50,4,006.75,4,075.50,4,075.50,1,849,784
Dec 1, 2022,4,094.50,4,110.00,4,054.50,4,081.75,4,081.75,1,834,073
Nov 30, 2022,3,962.25,4,093.50,3,942.75,4,081.25,4,081.25,2,479,997
Nov 29, 2022,3,972.00,3,990.25,3,941.25,3,962.00,3,962.00,1,500,171
Nov 28, 2022,4,020.25,4,024.00,3,960.25,3,970.25,3,970.25,1,481,503
Nov 25, 2022,4,038.75,4,049.25,4,024.75,4,032.50,4,032.50,608,795
Nov 23, 2022,4,010.00,4,039.50,4,002.00,4,033.00,4,033.00,1,281,153
Nov 22, 2022,3,957.75,4,012.50,3,945.25,4,010.25,4,010.25,1,161,999
Nov 21, 2022,3,972.50,3,982.00,3,937.50,3,958.00,3,958.00,1,178,421
Nov 18, 2022,3,960.50,3,994.00,3,942.50,3,974.00,3,974.00,1,534,155
Nov 17, 2022,3,977.25,3,990.25,3,912.50,3,955.25,3,955.25,1,560,808
Nov 16, 2022,3,992.00,4,015.75,3,962.00,3,968.50,3,968.50,1,502,501
Nov 15, 2022,3,974.75,4,050.75,3,960.00,3,999.50,3,999.50,2,230,543
Nov 14, 2022,3,984.00,4,017.50,3,964.00,3,966.00,3,966.00,1,592,615
Nov 11, 2022,3,973.00,4,009.75,3,951.00,4,000.25,4,000.25,1,927,068
Nov 10, 2022,3,757.00,3,973.50,3,751.50,3,961.00,3,961.00,2,408,104
Nov 9, 2022,3,832.50,3,848.75,3,750.00,3,755.50,3,755.50,1,889,153
Nov 8, 2022,3,812.75,3,867.00,3,792.75,3,835.25,3,835.25,1,878,046
Nov 7, 2022,3,750.00,3,821.75,3,738.25,3,815.25,3,815.25,1,483,146
Nov 4, 2022,3,724.00,3,805.50,3,711.00,3,779.50,3,779.50,2,494,788
Nov 3, 2022,3,766.75,3,782.50,3,704.25,3,727.75,3,727.75,1,887,557
Nov 2, 2022,3,863.00,3,907.00,3,760.25,3,768.75,3,768.75,2,210,708
Nov 1, 2022,3,884.00,3,928.00,3,852.50,3,866.00,3,866.00,1,895,614
Oct 31, 2022,3,911.50,3,914.75,3,872.25,3,883.00,3,883.00,2,002,625
Oct 28, 2022,3,798.25,3,924.25,3,776.75,3,911.25,3,911.25,2,084,386
Oct 27, 2022,3,844.25,3,870.75,3,757.50,3,819.50,3,819.50,2,211,786
Oct 26, 2022,3,841.00,3,897.50,3,824.25,3,841.00,3,841.00,2,118,534
Oct 25, 2022,3,803.25,3,874.25,3,790.00,3,870.25,3,870.25,1,836,723
Oct 24, 2022,3,771.00,3,822.00,3,736.50,3,809.25,3,809.25,2,109,780
Oct 21, 2022,3,677.75,3,773.25,3,641.50,3,764.00,3,764.00,2,681,019
Oct 20, 2022,3,708.00,3,748.00,3,666.25,3,675.25,3,675.25,2,403,705
Oct 19, 2022,3,759.75,3,774.25,3,676.75,3,707.25,3,707.25,2,348,844
Oct 18, 2022,3,706.25,3,777.25,3,697.25,3,732.75,3,732.75,2,746,886
Oct 17, 2022,3,591.00,3,702.50,3,590.50,3,689.25,3,689.25,1,951,998
Oct 14, 2022,3,680.25,3,733.75,3,591.25,3,597.50,3,597.50,2,730,405
Oct 13, 2022,3,596.25,3,697.75,3,502.00,3,681.75,3,681.75,3,288,646
Oct 12, 2022,3,607.00,3,635.25,3,585.50,3,588.50,3,588.50,1,948,173
Oct 11, 2022,3,624.75,3,653.25,3,579.00,3,599.25,3,599.25,2,398,140
Oct 10, 2022,3,638.75,3,667.50,3,600.00,3,625.25,3,625.25,2,024,447
Oct 7, 2022,3,745.75,3,770.50,3,632.50,3,653.25,3,653.25,2,238,683
Oct 6, 2022,3,795.75,3,819.50,3,750.00,3,756.75,3,756.75,2,157,569
Oct 5, 2022,3,801.00,3,820.00,3,734.00,3,794.00,3,794.00,2,089,198
Oct 4, 2022,3,696.50,3,808.75,3,686.25,3,803.25,3,803.25,2,381,497
Oct 3, 2022,3,593.25,3,711.75,3,571.75,3,690.25,3,690.25,2,315,515
Sep 30, 2022,3,656.50,3,693.75,3,595.25,3,601.50,3,601.50,2,976,179
Sep 29, 2022,3,730.25,3,736.00,3,622.00,3,654.25,3,654.25,2,860,631
Sep 28, 2022,3,668.50,3,751.25,3,613.00,3,732.00,3,732.00,2,780,935
Sep 27, 2022,3,668.00,3,733.00,3,635.25,3,661.00,3,661.00,2,963,065
Sep 26, 2022,3,705.25,3,730.50,3,657.50,3,670.00,3,670.00,2,899,415
Sep 23, 2022,3,777.25,3,783.25,3,660.25,3,709.00,3,709.00,2,913,560
Sep 22, 2022,3,794.00,3,833.00,3,763.50,3,772.00,3,772.00,2,578,314
Sep 21, 2022,3,878.75,3,925.25,3,792.00,3,806.25,3,806.25,2,440,206
Sep 20, 2022,3,923.00,3,936.25,3,843.25,3,872.75,3,872.75,2,357,296
Sep 19, 2022,3,889.50,3,927.00,3,846.25,3,917.25,3,917.25,2,100,098
Sep 16, 2022,3,888.50,3,888.50,3,846.00,3,871.24,3,871.24,2,688,630
Sep 15, 2022,3,955.00,3,959.50,3,888.00,3,902.00,3,902.00,438,921
Sep 14, 2022,3,936.75,3,962.75,3,911.25,3,947.50,3,947.50,662,596
Sep 13, 2022,4,118.25,4,158.00,3,919.75,3,931.25,3,931.25,1,418,271
Sep 12, 2022,4,077.25,4,119.75,4,062.25,4,110.75,4,110.75,1,718,859
Sep 9, 2022,4,010.25,4,077.25,4,005.75,4,067.25,4,067.25,1,677,890
Sep 8, 2022,3,980.00,4,011.50,3,942.75,4,005.50,4,005.50,2,356,008
Sep 7, 2022,3,907.50,3,988.75,3,883.50,3,980.00,3,980.00,1,956,209
Sep 6, 2022,3,929.00,3,963.25,3,886.75,3,910.50,3,910.50,2,360,326
Sep 2, 2022,3,967.50,4,019.25,3,906.00,3,924.50,3,924.50,2,510,355
Sep 1, 2022,3,958.00,3,971.25,3,903.50,3,968.75,3,968.75,2,212,034
Aug 31, 2022,3,987.25,4,018.25,3,953.00,3,956.50,3,956.50,2,366,488
Aug 30, 2022,4,035.75,4,072.75,3,964.50,3,987.50,3,987.50,2,555,455
Aug 29, 2022,4,024.00,4,064.00,4,006.75,4,031.25,4,031.25,1,963,446
Aug 26, 2022,4,198.25,4,217.25,4,042.75,4,059.50,4,059.50,2,241,117
Aug 25, 2022,4,148.75,4,202.75,4,143.00,4,201.00,4,201.00,1,635,476
Aug 24, 2022,4,128.25,4,158.50,4,110.75,4,142.75,4,142.75,1,348,612
Aug 23, 2022,4,147.00,4,161.75,4,118.00,4,130.50,4,130.50,1,575,674
Aug 22, 2022,4,221.00,4,221.50,4,131.50,4,141.25,4,141.25,1,724,203
Aug 19, 2022,4,287.00,4,288.00,4,220.75,4,231.50,4,231.50,1,701,251
Aug 18, 2022,4,279.50,4,295.50,4,258.00,4,286.50,4,286.50,1,366,220
Aug 17, 2022,4,309.25,4,315.00,4,255.00,4,276.75,4,276.75,1,638,797
Aug 16, 2022,4,294.50,4,327.50,4,278.75,4,307.75,4,307.75,1,363,248
Aug 15, 2022,4,277.00,4,304.75,4,249.00,4,298.25,4,298.25,1,317,241
Aug 12, 2022,4,219.25,4,282.75,4,208.25,4,281.00,4,281.00,1,300,170
Aug 11, 2022,4,210.75,4,260.50,4,202.75,4,209.75,4,209.75,1,598,130
Aug 10, 2022,4,128.75,4,213.50,4,113.75,4,210.00,4,210.00,1,627,940
Aug 9, 2022,4,148.50,4,155.00,4,113.00,4,124.50,4,124.50,1,280,085
Aug 8, 2022,4,149.75,4,188.00,4,129.25,4,141.75,4,141.75,1,536,449
Aug 5, 2022,4,152.00,4,166.25,4,103.75,4,146.75,4,146.75,1,722,401
Aug 4, 2022,4,150.25,4,173.25,4,136.00,4,152.25,4,152.25,1,245,063
Aug 3, 2022,4,097.00,4,170.00,4,084.50,4,156.25,4,156.25,1,696,602
Aug 2, 2022,4,119.75,4,143.00,4,080.50,4,093.75,4,093.75,1,892,241
Aug 1, 2022,4,137.50,4,147.25,4,097.00,4,120.50,4,120.50,1,776,936
Jul 29, 2022,4,105.00,4,144.00,4,081.00,4,133.50,4,133.50,1,919,598
Jul 28, 2022,4,022.00,4,111.00,3,994.50,4,073.50,4,073.50,2,014,467
Jul 27, 2022,3,939.25,4,042.75,3,938.75,4,024.50,4,024.50,1,740,431
Jul 26, 2022,3,959.00,3,964.50,3,913.25,3,923.25,3,923.25,1,589,161
Jul 25, 2022,3,967.75,3,988.75,3,946.00,3,970.00,3,970.00,1,493,471
Jul 22, 2022,3,988.00,4,016.25,3,941.50,3,965.00,3,965.00,1,736,592
Jul 21, 2022,3,954.00,4,004.75,3,930.25,4,001.25,4,001.25,1,821,097
Jul 20, 2022,3,947.00,3,977.25,3,922.25,3,962.50,3,962.50,1,734,355
Jul 19, 2022,3,838.50,3,948.00,3,834.00,3,937.50,3,937.50,1,611,604
Jul 18, 2022,3,878.50,3,909.50,3,820.25,3,833.75,3,833.75,1,439,590
Jul 15, 2022,3,797.75,3,868.25,3,780.25,3,865.00,3,865.00,1,523,753
Jul 14, 2022,3,795.75,3,806.25,3,723.75,3,793.25,3,793.25,1,916,260
Jul 13, 2022,3,825.00,3,873.00,3,752.00,3,804.50,3,804.50,2,157,968
Jul 12, 2022,3,862.00,3,876.50,3,804.75,3,823.75,3,823.75,1,640,864
Jul 11, 2022,3,900.00,3,900.75,3,850.00,3,856.75,3,856.75,1,486,103
Jul 8, 2022,3,897.00,3,922.00,3,868.00,3,901.25,3,901.25,1,485,497
Jul 7, 2022,3,853.75,3,914.25,3,832.50,3,905.00,3,905.00,1,314,443
Jul 6, 2022,3,838.00,3,875.00,3,808.75,3,848.25,3,848.25,1,684,324
Jul 5, 2022,3,828.50,3,857.75,3,744.00,3,834.00,3,834.00,2,031,501
Jul 1, 2022,3,782.00,3,833.50,3,744.50,3,827.25,3,827.25,1,752,977
Jun 30, 2022,3,822.75,3,825.00,3,741.25,3,789.50,3,789.50,2,394,361
Jun 29, 2022,3,828.25,3,840.00,3,801.25,3,821.25,3,821.25,1,717,770
Jun 28, 2022,3,911.25,3,950.00,3,821.75,3,825.50,3,825.50,1,791,690
Jun 27, 2022,3,915.00,3,948.00,3,892.50,3,903.75,3,903.75,1,497,368
Jun 24, 2022,3,785.25,3,919.75,3,781.25,3,916.25,3,916.25,1,563,128
Jun 23, 2022,3,761.25,3,805.75,3,735.00,3,799.75,3,799.75,1,607,695
Jun 22, 2022,3,766.25,3,805.50,3,693.25,3,762.75,3,762.75,1,660,579
Jun 21, 2022,3,684.00,3,783.75,3,661.50,3,767.75,3,767.75,1,566,039
Jun 17, 2022,3,677.50,3,710.75,3,663.76,3,663.76,3,663.76,2,207,570
Jun 16, 2022,3,794.25,3,828.75,3,639.00,3,668.25,3,668.25,544,027
Jun 15, 2022,3,740.00,3,839.00,3,720.25,3,789.25,3,789.25,777,545
Jun 14, 2022,3,758.25,3,805.00,3,705.25,3,736.75,3,736.75,1,341,257
Jun 13, 2022,3,870.75,3,876.50,3,732.50,3,750.50,3,750.50,2,155,159
Jun 10, 2022,4,025.25,4,029.50,3,895.25,3,899.00,3,899.00,2,117,225
Jun 9, 2022,4,116.00,4,144.25,4,014.75,4,016.25,4,016.25,2,024,783
Jun 8, 2022,4,150.75,4,160.00,4,105.25,4,114.00,4,114.00,1,706,628
Jun 7, 2022,4,122.00,4,164.00,4,076.00,4,158.75,4,158.75,1,677,883
Jun 6, 2022,4,110.50,4,168.25,4,104.50,4,120.50,4,120.50,1,457,918
Jun 3, 2022,4,177.75,4,189.00,4,096.75,4,107.00,4,107.00,1,532,766
Jun 2, 2022,4,097.75,4,179.00,4,072.25,4,175.25,4,175.25,1,513,748
Jun 1, 2022,4,138.50,4,165.00,4,071.50,4,099.00,4,099.00,1,912,031
May 31, 2022,4,164.50,4,202.25,4,102.75,4,131.25,4,131.25,2,222,573
May 27, 2022,4,047.50,4,168.25,4,041.25,4,155.75,4,155.75,1,547,507
May 26, 2022,3,972.25,4,073.50,3,960.50,4,055.75,4,055.75,1,493,132
May 25, 2022,3,950.00,3,997.75,3,913.50,3,976.75,3,976.75,1,744,116
May 24, 2022,3,951.75,3,954.50,3,872.00,3,940.50,3,940.50,2,017,453
May 23, 2022,3,910.50,3,982.25,3,906.50,3,971.75,3,971.75,1,736,162
May 20, 2022,3,900.50,3,949.50,3,807.50,3,899.50,3,899.50,2,408,399
May 19, 2022,3,916.50,3,943.50,3,856.00,3,897.75,3,897.75,2,317,604
May 18, 2022,4,091.25,4,095.00,3,905.50,3,922.75,3,922.75,2,202,394
May 17, 2022,4,002.00,4,091.50,4,000.50,4,084.75,4,084.75,1,716,498
May 16, 2022,4,025.00,4,043.50,3,979.50,4,004.75,4,004.75,1,695,198
May 13, 2022,3,916.25,4,036.00,3,915.50,4,019.75,4,019.75,1,859,074
May 12, 2022,3,939.75,3,961.75,3,855.00,3,927.25,3,927.25,2,380,563
May 11, 2022,3,990.50,4,050.50,3,923.75,3,930.25,3,930.25,2,157,244
May 10, 2022,3,993.25,4,065.50,3,953.00,3,996.75,3,996.75,2,247,750
May 9, 2022,4,087.25,4,099.00,3,970.00,3,987.50,3,987.50,2,139,992
May 6, 2022,4,146.50,4,153.25,4,062.00,4,119.50,4,119.50,2,310,919
May 5, 2022,4,289.75,4,300.75,4,099.25,4,143.25,4,143.25,2,389,422
May 4, 2022,4,171.25,4,303.00,4,142.75,4,295.25,4,295.25,1,783,477
May 3, 2022,4,145.50,4,195.75,4,129.00,4,169.25,4,169.25,1,678,497
May 2, 2022,4,144.00,4,165.75,4,056.00,4,151.00,4,151.00,2,351,404
Apr 29, 2022,4,244.00,4,279.75,4,118.75,4,127.50,4,127.50,2,117,160
Apr 28, 2022,4,213.00,4,303.50,4,182.50,4,283.50,4,283.50,1,798,644
Apr 27, 2022,4,149.50,4,236.25,4,149.00,4,180.25,4,180.25,2,035,627
Apr 26, 2022,4,294.00,4,303.50,4,136.75,4,170.50,4,170.50,2,018,166
Apr 25, 2022,4,259.00,4,296.50,4,195.25,4,292.75,4,292.75,2,280,374
Apr 22, 2022,4,385.75,4,393.25,4,247.50,4,267.25,4,267.25,2,039,961
Apr 21, 2022,4,468.00,4,509.00,4,380.00,4,390.50,4,390.50,1,704,137
Apr 20, 2022,4,441.00,4,484.25,4,432.75,4,455.50,4,455.50,1,423,396
Apr 19, 2022,4,399.00,4,467.00,4,371.75,4,459.25,4,459.25,1,465,764
Apr 18, 2022,4,390.00,4,406.25,4,355.50,4,386.75,4,386.75,1,149,765
Apr 14, 2022,4,438.50,4,455.75,4,385.00,4,387.50,4,387.50,1,396,074
Apr 13, 2022,4,396.75,4,449.50,4,384.00,4,442.25,4,442.25,1,254,348
Apr 12, 2022,4,411.00,4,466.75,4,375.50,4,393.00,4,393.00,1,739,771
Apr 11, 2022,4,488.75,4,491.25,4,403.50,4,409.00,4,409.00,1,431,371
Apr 8, 2022,4,494.75,4,519.75,4,468.75,4,483.50,4,483.50,1,358,450
Apr 7, 2022,4,471.25,4,517.25,4,444.50,4,496.25,4,496.25,1,446,250
Apr 6, 2022,4,526.25,4,528.75,4,444.50,4,475.75,4,475.75,1,803,684
Apr 5, 2022,4,576.25,4,588.75,4,507.75,4,520.25,4,520.25,1,303,877
Apr 4, 2022,4,538.25,4,580.00,4,527.75,4,577.75,4,577.75,1,025,558
Apr 1, 2022,4,541.00,4,555.50,4,501.25,4,539.25,4,539.25,1,441,126
Mar 31, 2022,4,599.00,4,614.25,4,526.25,4,530.75,4,530.75,1,650,667
Mar 30, 2022,4,621.25,4,627.50,4,574.75,4,596.00,4,596.00,1,206,203
Mar 29, 2022,4,570.25,4,631.00,4,565.25,4,625.50,4,625.50,1,353,683
Mar 28, 2022,4,535.25,4,572.25,4,509.75,4,568.00,4,568.00,1,182,527
Mar 25, 2022,4,516.25,4,539.00,4,493.25,4,536.50,4,536.50,1,251,078
Mar 24, 2022,4,449.25,4,517.50,4,445.75,4,512.50,4,512.50,1,221,569
Mar 23, 2022,4,504.00,4,514.00,4,444.75,4,447.50,4,447.50,1,336,967
Mar 22, 2022,4,456.75,4,514.75,4,433.00,4,505.00,4,505.00,1,205,860
Mar 21, 2022,4,460.00,4,473.00,4,415.00,4,452.25,4,452.25,1,375,090
Mar 18, 2022,4,393.00,4,409.35,4,373.75,4,409.35,4,409.35,1,405,299
Mar 17, 2022,4,370.50,4,415.25,4,329.00,4,410.25,4,410.25,434,642
Mar 16, 2022,4,257.50,4,376.00,4,246.25,4,358.00,4,358.00,722,600
Mar 15, 2022,4,180.25,4,271.50,4,138.00,4,262.00,4,262.00,1,085,846
Mar 14, 2022,4,216.00,4,254.50,4,160.75,4,172.00,4,172.00,1,438,651
Mar 11, 2022,4,258.50,4,335.50,4,198.00,4,201.50,4,201.50,1,645,055
Mar 10, 2022,4,279.00,4,282.25,4,207.00,4,257.25,4,257.25,1,745,090
Mar 9, 2022,4,153.00,4,298.25,4,152.00,4,275.25,4,275.25,1,659,520
Mar 8, 2022,4,186.50,4,275.00,4,138.75,4,168.75,4,168.75,2,333,021
Mar 7, 2022,4,308.75,4,325.25,4,185.25,4,198.50,4,198.50,1,902,001
Mar 4, 2022,4,366.50,4,374.50,4,281.25,4,327.25,4,327.25,1,842,722
Mar 3, 2022,4,373.75,4,418.75,4,341.00,4,359.25,4,359.25,1,547,676
Mar 2, 2022,4,308.75,4,399.25,4,278.25,4,381.75,4,381.75,1,712,970
Mar 1, 2022,4,367.50,4,399.00,4,275.00,4,303.75,4,303.75,1,869,277
Feb 28, 2022,4,299.50,4,385.50,4,251.50,4,368.00,4,368.00,2,189,820
Feb 25, 2022,4,266.75,4,384.25,4,227.50,4,380.00,4,380.00,1,950,397
Feb 24, 2022,4,215.50,4,290.00,4,101.75,4,284.00,4,284.00,2,945,330
Feb 23, 2022,4,310.75,4,345.50,4,212.50,4,222.00,4,222.00,1,914,227
Feb 22, 2022,4,324.25,4,391.25,4,250.00,4,300.00,4,300.00,2,589,159
Feb 18, 2022,4,374.75,4,411.50,4,321.00,4,343.50,4,343.50,1,824,590
Feb 17, 2022,4,464.25,4,474.75,4,367.25,4,374.50,4,374.50,1,629,730
Feb 16, 2022,4,458.75,4,484.50,4,422.75,4,470.00,4,470.00,1,426,847
Feb 15, 2022,4,393.50,4,468.00,4,381.75,4,464.50,4,464.50,1,523,305
Feb 14, 2022,4,411.75,4,428.00,4,354.00,4,394.00,4,394.00,2,098,618
Feb 11, 2022,4,494.50,4,520.50,4,393.25,4,409.50,4,409.50,2,479,025
Feb 10, 2022,4,582.25,4,583.75,4,476.00,4,497.50,4,497.50,2,403,026
Feb 9, 2022,4,519.00,4,585.00,4,517.25,4,577.75,4,577.75,1,383,317
Feb 8, 2022,4,484.00,4,523.75,4,456.25,4,512.50,4,512.50,1,459,766
Feb 7, 2022,4,497.00,4,514.50,4,462.75,4,475.75,4,475.75,1,495,143
Feb 4, 2022,4,518.00,4,532.50,4,438.50,4,492.50,4,492.50,1,957,881
Feb 3, 2022,4,545.75,4,548.25,4,462.00,4,469.00,4,469.00,1,800,714
Feb 2, 2022,4,552.00,4,586.00,4,535.25,4,577.25,4,577.25,1,624,220
Feb 1, 2022,4,493.25,4,554.75,4,474.00,4,535.00,4,535.00,1,618,163
Jan 31, 2022,4,423.50,4,507.75,4,395.50,4,504.25,4,504.25,1,846,145
Jan 28, 2022,4,348.00,4,426.00,4,266.25,4,423.25,4,423.25,2,251,268
Jan 27, 2022,4,345.25,4,422.00,4,263.25,4,317.75,4,317.75,2,295,458
Jan 26, 2022,4,308.75,4,446.25,4,294.25,4,341.50,4,341.50,2,423,103
Jan 25, 2022,4,402.75,4,406.75,4,276.50,4,349.00,4,349.00,2,483,392
Jan 24, 2022,4,389.00,4,427.50,4,212.75,4,403.75,4,403.75,3,846,785
Jan 21, 2022,4,454.25,4,487.00,4,381.25,4,390.00,4,390.00,3,012,106
Jan 20, 2022,4,526.00,4,594.25,4,437.75,4,474.75,4,474.75,2,040,704
Jan 19, 2022,4,577.75,4,603.00,4,517.25,4,524.25,4,524.25,2,001,348
Jan 18, 2022,4,666.00,4,671.75,4,560.00,4,571.25,4,571.25,2,268,240
Jan 14, 2022,4,655.00,4,667.00,4,606.00,4,654.75,4,654.75,2,010,610
Jan 13, 2022,4,719.25,4,736.25,4,642.50,4,652.00,4,652.00,1,824,612
Jan 12, 2022,4,704.00,4,739.50,4,695.00,4,716.25,4,716.25,1,583,216
Jan 11, 2022,4,663.50,4,707.50,4,627.25,4,705.00,4,705.00,1,729,004
Jan 10, 2022,4,671.25,4,681.75,4,572.75,4,662.25,4,662.25,2,231,980
Jan 7, 2022,4,695.00,4,705.75,4,653.75,4,667.75,4,667.75,1,618,440
Jan 6, 2022,4,692.00,4,715.75,4,662.00,4,687.50,4,687.50,1,862,918
Jan 5, 2022,4,783.50,4,788.25,4,689.50,4,692.50,4,692.50,1,856,376
Jan 4, 2022,4,785.25,4,808.25,4,764.50,4,784.25,4,784.25,1,392,809
Jan 3, 2022,4,771.00,4,791.25,4,747.50,4,786.00,4,786.00,1,322,362
Dec 31, 2021,4,773.75,4,778.50,4,750.50,4,758.50,4,758.50,954,083
Dec 30, 2021,4,784.75,4,799.75,4,767.25,4,772.25,4,772.25,753,935
Dec 29, 2021,4,781.00,4,796.00,4,770.00,4,784.50,4,784.50,876,030
Dec 28, 2021,4,780.50,4,798.00,4,770.50,4,778.50,4,778.50,954,520
Dec 27, 2021,4,717.00,4,784.25,4,713.25,4,782.25,4,782.25,898,698
Dec 23, 2021,4,689.00,4,731.25,4,684.25,4,715.75,4,715.75,978,022
Dec 22, 2021,4,641.75,4,690.50,4,622.25,4,686.00,4,686.00,1,104,688
Dec 21, 2021,4,567.75,4,643.00,4,565.75,4,640.75,4,640.75,1,493,880
Dec 20, 2021,4,612.00,4,621.50,4,520.25,4,558.50,4,558.50,2,097,624
Dec 17, 2021,4,674.25,4,677.75,4,629.50,4,636.46,4,636.46,2,472,118
Dec 16, 2021,4,711.50,4,752.50,4,651.25,4,668.75,4,668.75,435,986
Dec 15, 2021,4,637.75,4,715.00,4,611.25,4,709.50,4,709.50,673,190
Dec 14, 2021,4,672.00,4,686.00,4,606.00,4,637.00,4,637.00,1,211,592
Dec 13, 2021,4,711.25,4,731.00,4,664.75,4,668.75,4,668.75,1,605,196
Dec 10, 2021,4,669.25,4,712.75,4,664.25,4,711.00,4,711.00,1,585,049
Dec 9, 2021,4,697.25,4,706.00,4,662.25,4,667.00,4,667.00,1,593,325
Dec 8, 2021,4,695.25,4,712.00,4,671.75,4,699.00,4,699.00,1,418,355
Dec 7, 2021,4,594.25,4,697.25,4,587.25,4,685.00,4,685.00,1,771,947
Dec 6, 2021,4,542.25,4,611.75,4,531.50,4,590.00,4,590.00,2,031,995
Dec 3, 2021,4,587.25,4,606.50,4,492.00,4,537.50,4,537.50,2,747,667
Dec 2, 2021,4,514.75,4,593.75,4,505.50,4,575.75,4,575.75,2,587,324
Dec 1, 2021,4,587.50,4,650.75,4,497.75,4,508.50,4,508.50,2,670,344
Nov 30, 2021,4,657.25,4,667.50,4,557.00,4,566.25,4,566.25,2,845,560
Nov 29, 2021,4,589.00,4,669.75,4,588.75,4,651.00,4,651.00,2,014,967
Nov 26, 2021,4,700.50,4,717.00,4,577.25,4,595.75,4,595.75,2,068,167
Nov 24, 2021,4,686.25,4,702.25,4,656.25,4,699.00,4,699.00,1,408,571
Nov 23, 2021,4,686.00,4,695.50,4,649.00,4,688.50,4,688.50,1,872,492
Nov 22, 2021,4,701.00,4,740.50,4,674.25,4,679.75,4,679.75,1,685,386
Nov 19, 2021,4,705.25,4,723.50,4,684.25,4,694.50,4,694.50,1,344,893
Nov 18, 2021,4,685.25,4,706.50,4,668.00,4,701.50,4,701.50,1,168,195
Nov 17, 2021,4,696.50,4,701.00,4,679.25,4,686.25,4,686.25,1,056,696
Nov 16, 2021,4,680.75,4,709.75,4,670.75,4,696.00,4,696.00,1,043,587
Nov 15, 2021,4,684.75,4,697.50,4,667.00,4,679.00,4,679.00,1,047,123
Nov 12, 2021,4,647.00,4,685.50,4,643.75,4,678.25,4,678.25,1,155,591
Nov 11, 2021,4,645.00,4,661.50,4,638.00,4,643.00,4,643.00,936,857
Nov 10, 2021,4,674.75,4,680.25,4,625.25,4,642.00,4,642.00,1,639,098
Nov 9, 2021,4,690.75,4,700.50,4,663.25,4,678.25,4,678.25,1,289,857
Nov 8, 2021,4,678.50,4,707.00,4,676.25,4,694.00,4,694.00,1,000,404
Nov 5, 2021,4,671.75,4,711.75,4,667.50,4,690.25,4,690.25,1,459,142
Nov 4, 2021,4,651.50,4,676.25,4,650.75,4,673.25,4,673.25,1,169,886
Nov 3, 2021,4,621.25,4,657.00,4,613.00,4,652.25,4,652.25,1,074,650
Nov 2, 2021,4,605.75,4,627.00,4,593.25,4,623.50,4,623.50,980,833
Nov 1, 2021,4,608.00,4,619.50,4,586.50,4,605.75,4,605.75,1,071,118
Oct 29, 2021,4,577.00,4,603.50,4,559.25,4,597.00,4,597.00,1,418,280
Oct 28, 2021,4,548.75,4,589.75,4,545.25,4,587.50,4,587.50,1,195,785
Oct 27, 2021,4,563.75,4,576.75,4,543.75,4,544.50,4,544.50,1,263,181
Oct 26, 2021,4,564.75,4,590.00,4,560.75,4,565.25,4,565.25,1,257,346
Oct 25, 2021,4,528.75,4,566.25,4,522.50,4,558.00,4,558.00,1,031,431
Oct 22, 2021,4,530.00,4,551.50,4,515.25,4,536.50,4,536.50,1,315,668
Oct 21, 2021,4,525.00,4,543.25,4,510.25,4,541.75,4,541.75,938,565
Oct 20, 2021,4,516.00,4,532.25,4,504.00,4,528.00,4,528.00,1,006,857
Oct 19, 2021,4,475.75,4,517.50,4,471.75,4,511.25,4,511.25,1,018,177
Oct 18, 2021,4,465.50,4,479.75,4,436.25,4,477.50,4,477.50,1,095,216
Oct 15, 2021,4,433.00,4,467.50,4,426.25,4,462.50,4,462.50,1,185,108
Oct 14, 2021,4,354.75,4,437.25,4,354.00,4,429.00,4,429.00,1,264,458
Oct 13, 2021,4,327.50,4,364.75,4,318.75,4,355.00,4,355.00,1,372,482
Oct 12, 2021,4,347.75,4,365.00,4,317.25,4,340.75,4,340.75,1,295,686
Oct 11, 2021,4,381.00,4,407.50,4,344.00,4,351.00,4,351.00,1,245,705
Oct 8, 2021,4,390.50,4,407.75,4,376.25,4,382.25,4,382.25,1,428,160
Oct 7, 2021,4,355.25,4,421.50,4,355.00,4,390.00,4,390.00,1,406,808
Oct 6, 2021,4,334.00,4,357.50,4,273.75,4,354.00,4,354.00,2,202,805
Oct 5, 2021,4,295.75,4,359.75,4,269.00,4,334.00,4,334.00,1,650,217
Oct 4, 2021,4,349.00,4,362.00,4,267.50,4,291.25,4,291.25,2,135,338
Oct 1, 2021,4,301.00,4,365.75,4,260.00,4,343.75,4,343.75,2,269,695
Sep 30, 2021,4,360.00,4,389.00,4,294.25,4,297.75,4,297.75,2,373,423
Sep 29, 2021,4,347.50,4,378.75,4,344.25,4,349.75,4,349.75,1,815,726
Sep 28, 2021,4,429.75,4,442.00,4,334.75,4,343.50,4,343.50,2,307,037
Sep 27, 2021,4,446.00,4,472.00,4,425.00,4,433.00,4,433.00,1,306,188
Sep 24, 2021,4,439.00,4,453.00,4,410.75,4,445.75,4,445.75,1,182,037
Sep 23, 2021,4,386.00,4,455.00,4,385.75,4,438.00,4,438.00,1,447,395
Sep 22, 2021,4,336.50,4,406.50,4,321.25,4,384.00,4,384.00,1,767,853
Sep 21, 2021,4,342.50,4,395.75,4,329.25,4,343.25,4,343.25,1,941,006
Sep 20, 2021,4,411.75,4,418.00,4,293.75,4,348.25,4,348.25,2,711,340
Sep 17, 2021,4,471.00,4,482.50,4,459.00,4,464.33,4,464.33,1,968,041
Sep 16, 2021,4,486.00,4,487.50,4,443.00,4,474.25,4,474.25,268,026
Sep 15, 2021,4,446.75,4,487.50,4,437.50,4,481.75,4,481.75,518,985
Sep 14, 2021,4,475.50,4,489.50,4,435.00,4,444.50,4,444.50,893,788
Sep 13, 2021,4,461.00,4,492.75,4,444.75,4,469.00,4,469.00,1,534,719
Sep 10, 2021,4,491.25,4,518.25,4,456.50,4,458.25,4,458.25,1,721,413
Sep 9, 2021,4,511.00,4,529.50,4,485.50,4,492.25,4,492.25,1,696,301
Sep 8, 2021,4,517.50,4,524.75,4,492.00,4,512.50,4,512.50,1,606,757
Sep 7, 2021,4,533.00,4,548.00,4,510.75,4,519.25,4,519.25,1,277,938
Sep 3, 2021,4,536.75,4,549.50,4,519.25,4,534.50,4,534.50,1,156,146
Sep 2, 2021,4,522.50,4,544.00,4,516.00,4,535.25,4,535.25,1,016,806
Sep 1, 2021,4,527.75,4,540.00,4,519.25,4,521.25,4,521.25,1,061,414
Aug 31, 2021,4,529.50,4,542.25,4,512.50,4,520.50,4,520.50,1,378,199
Aug 30, 2021,4,508.75,4,534.50,4,500.75,4,525.25,4,525.25,975,807
Aug 27, 2021,4,470.00,4,510.00,4,462.25,4,505.50,4,505.50,1,216,414
Aug 26, 2021,4,493.75,4,494.25,4,465.00,4,466.50,4,466.50,1,306,718
Aug 25, 2021,4,483.50,4,498.00,4,476.25,4,493.00,4,493.00,801,106
Aug 24, 2021,4,481.00,4,492.00,4,476.75,4,482.50,4,482.50,787,503
Aug 23, 2021,4,435.00,4,485.75,4,433.50,4,475.50,4,475.50,997,026
Aug 20, 2021,4,403.75,4,440.50,4,371.75,4,437.00,4,437.00,1,328,852
Aug 19, 2021,4,389.75,4,414.75,4,347.75,4,401.50,4,401.50,1,924,058
Aug 18, 2021,4,436.75,4,449.75,4,381.50,4,394.50,4,394.50,1,546,011
Aug 17, 2021,4,472.00,4,472.25,4,411.75,4,443.50,4,443.50,1,789,568
Aug 16, 2021,4,456.25,4,476.50,4,432.50,4,474.00,4,474.00,1,239,520
Aug 13, 2021,4,455.75,4,463.25,4,451.00,4,462.50,4,462.50,789,104
Aug 12, 2021,4,440.00,4,456.25,4,430.25,4,454.50,4,454.50,850,527
Aug 11, 2021,4,429.25,4,443.25,4,420.75,4,440.50,4,440.50,1,001,054
Aug 10, 2021,4,427.25,4,438.25,4,416.50,4,430.00,4,430.00,950,320
Aug 9, 2021,4,428.00,4,432.00,4,412.25,4,425.75,4,425.75,789,726
Aug 6, 2021,4,420.25,4,433.25,4,416.00,4,429.50,4,429.50,951,045
Aug 5, 2021,4,396.25,4,422.75,4,393.75,4,421.50,4,421.50,763,343
Aug 4, 2021,4,409.75,4,415.00,4,391.25,4,394.75,4,394.75,1,047,251
Aug 3, 2021,4,383.75,4,417.00,4,365.25,4,415.00,4,415.00,1,296,856
Aug 2, 2021,4,396.50,4,419.75,4,377.25,4,379.75,4,379.75,1,193,301
Jul 30, 2021,4,394.25,4,405.00,4,370.75,4,389.50,4,389.50,1,376,982
Jul 29, 2021,4,393.75,4,422.50,4,380.50,4,411.75,4,411.75,1,009,496
Jul 28, 2021,4,380.00,4,407.75,4,377.50,4,393.75,4,393.75,1,221,313
Jul 27, 2021,4,415.75,4,416.00,4,364.75,4,394.50,4,394.50,1,575,473
Jul 26, 2021,4,400.50,4,416.75,4,375.50,4,414.25,4,414.25,938,628
Jul 23, 2021,4,371.50,4,408.25,4,367.25,4,403.00,4,403.00,1,173,337
Jul 22, 2021,4,355.00,4,371.50,4,341.50,4,359.50,4,359.50,981,969
Jul 21, 2021,4,318.75,4,355.25,4,310.00,4,350.50,4,350.50,1,191,429
Jul 20, 2021,4,262.75,4,329.00,4,252.75,4,315.50,4,315.50,1,844,380
Jul 19, 2021,4,320.00,4,320.75,4,224.00,4,251.25,4,251.25,2,599,774
Jul 16, 2021,4,347.75,4,368.00,4,314.25,4,318.50,4,318.50,1,636,065
Jul 15, 2021,4,366.50,4,370.25,4,332.50,4,352.00,4,352.00,1,611,726
Jul 14, 2021,4,359.50,4,384.50,4,350.00,4,367.75,4,367.75,1,308,582
Jul 13, 2021,4,377.00,4,383.75,4,356.50,4,361.25,4,361.25,1,249,893
Jul 12, 2021,4,362.00,4,379.25,4,341.75,4,376.50,4,376.50,1,055,739
Jul 9, 2021,4,310.25,4,364.00,4,293.25,4,360.00,4,360.00,1,311,506
Jul 8, 2021,4,352.25,4,352.25,4,279.25,4,313.00,4,313.00,1,991,636
Jul 7, 2021,4,328.00,4,353.25,4,320.25,4,349.75,4,349.75,1,221,078
Jul 6, 2021,4,341.00,4,348.00,4,305.25,4,334.00,4,334.00,1,368,133
Jul 2, 2021,4,309.75,4,347.00,4,308.00,4,342.75,4,342.75,999,780
Jul 1, 2021,4,294.25,4,312.00,4,286.00,4,310.75,4,310.75,985,190
Jun 30, 2021,4,284.75,4,294.25,4,269.25,4,288.50,4,288.50,1,100,062
Jun 29, 2021,4,280.50,4,291.00,4,271.75,4,282.00,4,282.00,741,471
Jun 28, 2021,4,275.00,4,282.00,4,264.25,4,280.50,4,280.50,823,723
Jun 25, 2021,4,262.00,4,276.75,4,253.50,4,271.25,4,271.25,906,160
Jun 24, 2021,4,233.75,4,263.75,4,231.75,4,256.00,4,256.00,878,788
Jun 23, 2021,4,237.50,4,248.25,4,230.50,4,231.50,4,231.50,938,299
Jun 22, 2021,4,219.25,4,245.50,4,205.75,4,236.25,4,236.25,1,063,749
Jun 21, 2021,4,142.50,4,219.75,4,126.75,4,213.75,4,213.75,1,425,623
Jun 18, 2021,4,225.75,4,231.00,4,183.75,4,187.25,4,187.25,1,951,342
Jun 17, 2021,4,214.25,4,232.50,4,193.00,4,222.25,4,222.25,326,193
Jun 16, 2021,4,248.00,4,251.25,4,200.75,4,223.00,4,223.00,511,740
Jun 15, 2021,4,255.25,4,267.50,4,238.00,4,246.50,4,246.50,981,189
Jun 14, 2021,4,248.00,4,257.50,4,233.50,4,254.75,4,254.75,1,116,773
Jun 11, 2021,4,239.50,4,247.75,4,230.75,4,245.75,4,245.75,1,084,830
Jun 10, 2021,4,222.25,4,249.00,4,207.00,4,238.00,4,238.00,1,563,728
Jun 9, 2021,4,225.50,4,235.00,4,217.00,4,218.50,4,218.50,1,057,216
Jun 8, 2021,4,227.50,4,236.75,4,205.75,4,225.75,4,225.75,1,305,814
Jun 7, 2021,4,232.25,4,232.50,4,214.00,4,225.50,4,225.50,934,681
Jun 4, 2021,4,190.75,4,232.00,4,177.00,4,228.25,4,228.25,1,051,573
Jun 3, 2021,4,208.00,4,213.25,4,165.25,4,191.25,4,191.25,1,384,271
Jun 2, 2021,4,198.50,4,215.00,4,190.75,4,206.25,4,206.25,1,059,938
Jun 1, 2021,4,206.50,4,230.00,4,190.00,4,198.50,4,198.50,1,366,344
May 28, 2021,4,211.25,4,217.50,4,201.00,4,202.50,4,202.50,1,110,833
May 27, 2021,4,193.00,4,211.50,4,177.75,4,199.00,4,199.00,1,179,928
May 26, 2021,4,188.00,4,204.25,4,180.50,4,193.00,4,193.00,1,051,147
May 25, 2021,4,199.25,4,212.75,4,179.25,4,185.50,4,185.50,1,221,701
May 24, 2021,4,151.50,4,206.25,4,142.50,4,193.75,4,193.75,1,046,500
May 21, 2021,4,152.50,4,185.00,4,147.00,4,151.75,4,151.75,1,466,725
May 20, 2021,4,107.75,4,169.25,4,084.50,4,154.25,4,154.25,1,486,599
May 19, 2021,4,114.00,4,123.00,4,055.50,4,111.50,4,111.50,2,313,119
May 18, 2021,4,159.00,4,179.50,4,111.50,4,123.00,4,123.00,1,285,520
May 17, 2021,4,169.00,4,178.75,4,136.50,4,157.75,4,157.75,1,480,730
May 14, 2021,4,112.50,4,178.25,4,105.25,4,169.00,4,169.00,1,513,171
May 13, 2021,4,053.50,4,126.75,4,029.25,4,107.00,4,107.00,2,381,081
May 12, 2021,4,140.00,4,150.50,4,051.00,4,058.75,4,058.75,2,629,953
May 11, 2021,4,176.75,4,185.50,4,103.75,4,146.25,4,146.25,2,520,859
May 10, 2021,4,226.75,4,238.25,4,172.00,4,183.50,4,183.50,1,662,210
May 7, 2021,4,197.50,4,232.25,4,191.75,4,225.25,4,225.25,1,652,592
May 6, 2021,4,158.75,4,197.25,4,140.50,4,194.25,4,194.25,1,751,616
May 5, 2021,4,158.25,4,180.00,4,153.00,4,160.00,4,160.00,1,418,246
May 4, 2021,4,184.25,4,185.50,4,120.50,4,158.25,4,158.25,2,003,587
May 3, 2021,4,181.50,4,202.50,4,181.00,4,185.75,4,185.75,1,256,240
Apr 30, 2021,4,200.75,4,201.50,4,167.25,4,174.50,4,174.50,1,898,434
Apr 29, 2021,4,184.75,4,211.00,4,168.00,4,203.50,4,203.50,1,746,965
Apr 28, 2021,4,180.25,4,193.75,4,172.75,4,176.25,4,176.25,1,282,972
Apr 27, 2021,4,181.50,4,192.50,4,166.75,4,179.00,4,179.00,992,029
Apr 26, 2021,4,170.75,4,186.00,4,163.75,4,179.50,4,179.50,1,019,731
Apr 23, 2021,4,129.00,4,186.75,4,127.50,4,171.50,4,171.50,1,509,514
Apr 22, 2021,4,157.50,4,171.75,4,115.25,4,127.75,4,127.75,1,944,942
Apr 21, 2021,4,121.25,4,167.25,4,113.00,4,164.75,4,164.75,1,505,474
Apr 20, 2021,4,156.25,4,167.25,4,110.50,4,126.50,4,126.50,1,700,883
Apr 19, 2021,4,165.00,4,174.75,4,141.75,4,155.50,4,155.50,1,618,649
Apr 16, 2021,4,162.75,4,183.50,4,154.25,4,176.25,4,176.25,1,304,078
Apr 15, 2021,4,123.50,4,166.50,4,119.50,4,162.50,4,162.50,1,277,980
Apr 14, 2021,4,134.75,4,144.00,4,113.00,4,118.00,4,118.00,1,529,562
Apr 13, 2021,4,122.75,4,139.75,4,101.25,4,132.75,4,132.75,1,081,282
Apr 12, 2021,4,114.25,4,124.50,4,104.50,4,120.25,4,120.25,1,089,291
Apr 9, 2021,4,098.00,4,121.50,4,081.00,4,119.50,4,119.50,1,090,560
Apr 8, 2021,4,074.25,4,098.50,4,072.50,4,089.00,4,089.00,988,346
Apr 7, 2021,4,067.00,4,075.50,4,056.50,4,070.00,4,070.00,1,101,579
Apr 6, 2021,4,069.75,4,076.00,4,052.25,4,064.00,4,064.00,1,252,163
Apr 5, 2021,4,030.00,4,073.75,4,021.00,4,067.75,4,067.75,1,250,666
Apr 1, 2021,3,967.50,4,015.25,3,964.50,4,010.00,4,010.00,1,245,846
Mar 31, 2021,3,949.50,3,983.75,3,941.50,3,967.50,3,967.50,1,642,169
Mar 30, 2021,3,965.25,3,968.50,3,933.75,3,947.75,3,947.75,1,590,486
Mar 29, 2021,3,962.25,3,971.25,3,928.75,3,959.00,3,959.00,2,003,052
Mar 26, 2021,3,907.50,3,968.00,3,900.75,3,964.75,3,964.75,1,984,060
Mar 25, 2021,3,882.75,3,909.50,3,843.25,3,900.50,3,900.50,2,279,488
Mar 24, 2021,3,905.75,3,931.50,3,877.50,3,880.75,3,880.75,2,063,480
Mar 23, 2021,3,933.25,3,938.75,3,890.50,3,899.75,3,899.75,1,877,976
Mar 22, 2021,3,893.50,3,944.50,3,885.00,3,930.00,3,930.00,1,325,987
Mar 19, 2021,3,923.75,3,934.25,3,908.00,3,912.62,3,912.62,2,047,619
Mar 18, 2021,3,972.00,3,988.75,3,911.00,3,916.50,3,916.50,335,435
Mar 17, 2021,3,967.50,3,983.75,3,935.25,3,974.00,3,974.00,520,411
Mar 16, 2021,3,967.00,3,980.50,3,952.75,3,962.50,3,962.50,887,247
Mar 15, 2021,3,945.75,3,969.75,3,922.25,3,967.50,3,967.50,1,295,099
Mar 12, 2021,3,937.50,3,947.50,3,910.25,3,942.25,3,942.25,1,448,886
Mar 11, 2021,3,907.75,3,958.50,3,893.00,3,936.75,3,936.75,1,599,748
Mar 10, 2021,3,878.50,3,916.25,3,856.25,3,896.50,3,896.50,1,845,205
Mar 9, 2021,3,831.25,3,901.25,3,826.25,3,873.25,3,873.25,1,704,837
Mar 8, 2021,3,854.75,3,878.75,3,796.25,3,819.25,3,819.25,2,198,363
Mar 5, 2021,3,765.50,3,850.00,3,728.50,3,839.00,3,839.00,2,948,117
Mar 4, 2021,3,818.00,3,842.25,3,720.50,3,765.50,3,765.50,3,192,468
Mar 3, 2021,3,867.50,3,898.00,3,813.00,3,816.75,3,816.75,2,203,398
Mar 2, 2021,3,903.25,3,906.50,3,865.50,3,867.50,3,867.50,1,641,396
Mar 1, 2021,3,817.25,3,912.00,3,812.50,3,898.75,3,898.75,1,692,835
Feb 26, 2021,3,823.25,3,858.50,3,785.00,3,809.25,3,809.25,3,010,481
Feb 25, 2021,3,923.50,3,934.50,3,810.25,3,828.00,3,828.00,2,863,387
Feb 24, 2021,3,876.25,3,927.75,3,851.75,3,922.50,3,922.50,1,944,661
Feb 23, 2021,3,878.00,3,896.00,3,804.75,3,878.00,3,878.00,2,282,940
Feb 22, 2021,3,905.50,3,914.50,3,861.25,3,873.50,3,873.50,1,514,278
Feb 19, 2021,3,910.50,3,931.00,3,890.25,3,903.00,3,903.00,1,427,294
Feb 18, 2021,3,928.25,3,936.00,3,880.50,3,909.50,3,909.50,1,536,949
Feb 17, 2021,3,929.00,3,932.25,3,896.50,3,928.00,3,928.00,1,382,825
Feb 16, 2021,3,936.50,3,959.25,3,918.75,3,927.75,3,927.75,1,450,425
Feb 12, 2021,3,905.25,3,936.25,3,890.25,3,931.00,3,931.00,1,050,298
Feb 11, 2021,3,907.00,3,920.50,3,884.50,3,912.00,3,912.00,1,296,054
Feb 10, 2021,3,912.25,3,928.50,3,878.25,3,903.00,3,903.00,1,560,824
Feb 9, 2021,3,910.50,3,913.25,3,895.00,3,905.50,3,905.50,881,922
Feb 8, 2021,3,889.00,3,911.25,3,885.50,3,908.00,3,908.00,972,437
Feb 5, 2021,3,864.25,3,888.25,3,860.00,3,880.25,3,880.25,1,138,874
Feb 4, 2021,3,832.75,3,869.75,3,811.25,3,864.50,3,864.50,1,136,404
Feb 3, 2021,3,829.50,3,843.50,3,807.75,3,823.50,3,823.50,1,285,692
Feb 2, 2021,3,764.75,3,835.75,3,760.00,3,818.25,3,818.25,1,419,765
Feb 1, 2021,3,692.25,3,777.00,3,656.50,3,765.75,3,765.75,1,687,396
Jan 29, 2021,3,770.25,3,777.25,3,685.50,3,705.25,3,705.25,2,691,820
Jan 28, 2021,3,735.25,3,823.50,3,703.50,3,779.25,3,779.25,2,149,910
Jan 27, 2021,3,845.25,3,853.00,3,706.50,3,744.25,3,744.25,2,572,020
Jan 26, 2021,3,845.00,3,862.25,3,821.50,3,842.50,3,842.50,1,172,461
Jan 25, 2021,3,835.50,3,853.25,3,788.50,3,848.50,3,848.50,1,763,898
Jan 22, 2021,3,846.75,3,849.00,3,813.25,3,834.25,3,834.25,1,186,856
Jan 21, 2021,3,841.50,3,859.75,3,836.50,3,846.00,3,846.00,1,068,271
Jan 20, 2021,3,796.75,3,852.50,3,788.50,3,845.00,3,845.00,1,248,787
Jan 19, 2021,3,750.00,3,797.00,3,740.50,3,790.50,3,790.50,1,315,580
Jan 15, 2021,3,793.00,3,797.75,3,741.50,3,762.25,3,762.25,1,781,463
Jan 14, 2021,3,808.50,3,817.75,3,786.25,3,791.25,3,791.25,1,170,812
Jan 13, 2021,3,792.00,3,813.50,3,776.50,3,803.75,3,803.75,1,049,186
Jan 12, 2021,3,794.25,3,806.75,3,768.00,3,794.50,3,794.50,1,216,214
Jan 11, 2021,3,815.50,3,820.75,3,776.50,3,792.00,3,792.00,1,292,422
Jan 8, 2021,3,797.75,3,824.50,3,775.00,3,817.50,3,817.50,1,619,438
Jan 7, 2021,3,752.50,3,804.00,3,742.00,3,795.50,3,795.50,1,302,021
Jan 6, 2021,3,717.50,3,774.75,3,685.50,3,740.50,3,740.50,2,127,155
Jan 5, 2021,3,695.00,3,730.00,3,673.25,3,718.25,3,718.25,1,414,022
Jan 4, 2021,3,748.75,3,773.25,3,652.50,3,692.25,3,692.25,2,037,616
Dec 31, 2020,3,725.00,3,753.00,3,715.00,3,748.75,3,748.75,993,343
Dec 30, 2020,3,724.50,3,738.25,3,716.50,3,724.25,3,724.25,769,995
Dec 29, 2020,3,731.00,3,747.75,3,714.50,3,720.00,3,720.00,992,636
Dec 28, 2020,3,682.00,3,732.25,3,676.00,3,727.50,3,727.50,760,654
Dec 24, 2020,3,685.25,3,696.00,3,678.50,3,695.00,3,695.00,369,650
Dec 23, 2020,3,674.25,3,701.75,3,651.00,3,681.50,3,681.50,1,021,819
Dec 22, 2020,3,685.00,3,695.00,3,663.75,3,677.25,3,677.25,1,104,998
Dec 21, 2020,3,718.25,3,724.00,3,596.00,3,685.75,3,685.75,1,837,575
Dec 18, 2020,3,721.50,3,733.25,3,707.75,3,726.25,3,726.25,1,731,161
Dec 17, 2020,3,704.50,3,724.75,3,699.50,3,721.25,3,721.25,292,916
Dec 16, 2020,3,697.75,3,711.50,3,687.00,3,700.75,3,700.75,584,711
Dec 15, 2020,3,653.00,3,695.75,3,642.75,3,694.50,3,694.50,1,029,503
Dec 14, 2020,3,677.75,3,698.00,3,642.75,3,646.50,3,646.50,1,486,250
Dec 11, 2020,3,670.00,3,674.75,3,628.25,3,661.25,3,661.25,1,538,362
Dec 10, 2020,3,669.50,3,681.25,3,644.00,3,668.50,3,668.50,1,601,203
Dec 9, 2020,3,707.75,3,714.75,3,659.50,3,672.50,3,672.50,1,792,176
Dec 8, 2020,3,682.75,3,708.00,3,664.25,3,702.00,3,702.00,1,119,000
Dec 7, 2020,3,694.75,3,705.00,3,672.25,3,690.75,3,690.75,1,078,372
Dec 4, 2020,3,668.25,3,700.00,3,665.50,3,698.00,3,698.00,991,860
Dec 3, 2020,3,671.00,3,682.00,3,655.25,3,664.50,3,664.50,1,124,033
Dec 2, 2020,3,661.25,3,672.75,3,642.25,3,667.25,3,667.25,1,106,696
Dec 1, 2020,3,631.00,3,677.50,3,626.00,3,660.50,3,660.50,1,365,328
Nov 30, 2020,3,643.75,3,652.00,3,592.25,3,623.25,3,623.25,1,712,274
Nov 27, 2020,3,630.25,3,642.75,3,612.75,3,636.50,3,636.50,639,268
Nov 25, 2020,3,635.50,3,655.00,3,615.25,3,627.25,3,627.25,1,016,343
Nov 24, 2020,3,576.00,3,640.00,3,575.25,3,632.75,3,632.75,1,288,993
Nov 23, 2020,3,546.50,3,588.00,3,545.50,3,576.00,3,576.00,1,204,848
Nov 20, 2020,3,560.00,3,582.50,3,542.75,3,554.25,3,554.25,1,189,621
Nov 19, 2020,3,562.00,3,582.75,3,542.25,3,580.00,3,580.00,1,291,117
Nov 18, 2020,3,604.50,3,623.25,3,556.50,3,565.00,3,565.00,1,325,309
Nov 17, 2020,3,625.50,3,630.00,3,584.25,3,606.75,3,606.75,1,268,206
Nov 16, 2020,3,587.00,3,637.00,3,586.50,3,623.00,3,623.00,1,303,941
Nov 13, 2020,3,537.50,3,590.00,3,518.00,3,582.00,3,582.00,1,334,530
Nov 12, 2020,3,574.50,3,574.50,3,513.00,3,532.50,3,532.50,1,685,890
Nov 11, 2020,3,546.25,3,576.75,3,531.00,3,568.00,3,568.00,1,324,983
Nov 10, 2020,3,549.50,3,562.75,3,506.50,3,541.00,3,541.00,2,160,319
Nov 9, 2020,3,522.50,3,668.00,3,515.75,3,544.00,3,544.00,2,605,322
Nov 6, 2020,3,508.75,3,519.00,3,456.75,3,500.75,3,500.75,1,640,000
Nov 5, 2020,3,448.00,3,522.50,3,428.25,3,504.75,3,504.75,1,671,417
Nov 4, 2020,3,362.75,3,480.00,3,319.00,3,435.00,3,435.00,2,813,083
Nov 3, 2020,3,304.00,3,382.75,3,301.25,3,361.50,3,361.50,1,664,690
Nov 2, 2020,3,260.00,3,323.50,3,243.25,3,300.50,3,300.50,1,849,320
Oct 30, 2020,3,268.00,3,296.25,3,225.00,3,264.75,3,264.75,2,494,925
Oct 29, 2020,3,279.00,3,333.75,3,250.25,3,302.25,3,302.25,1,965,277
Oct 28, 2020,3,369.00,3,370.25,3,260.75,3,263.50,3,263.50,2,627,180
Oct 27, 2020,3,394.25,3,410.00,3,368.25,3,383.00,3,383.00,1,566,246
Oct 26, 2020,3,445.75,3,446.25,3,356.00,3,393.50,3,393.50,1,957,780
Oct 23, 2020,3,455.75,3,462.50,3,431.50,3,451.75,3,451.75,1,216,313
Oct 22, 2020,3,430.25,3,453.00,3,402.50,3,449.25,3,449.25,1,501,259
Oct 21, 2020,3,437.00,3,458.00,3,420.50,3,432.50,3,432.50,1,681,275
Oct 20, 2020,3,436.00,3,469.75,3,418.75,3,432.25,3,432.25,1,702,183
Oct 19, 2020,3,471.00,3,496.50,3,410.75,3,422.75,3,422.75,1,645,853
Oct 16, 2020,3,478.50,3,508.50,3,461.25,3,462.25,3,462.25,1,398,947
Oct 15, 2020,3,479.25,3,486.50,3,431.50,3,475.50,3,475.50,1,650,150
Oct 14, 2020,3,502.00,3,524.00,3,472.00,3,481.00,3,481.00,1,539,718
Oct 13, 2020,3,534.00,3,535.75,3,491.50,3,504.75,3,504.75,1,617,226
Oct 12, 2020,3,467.50,3,541.00,3,464.25,3,532.75,3,532.75,1,401,063
Oct 9, 2020,3,447.25,3,480.00,3,445.25,3,473.25,3,473.25,1,185,272
Oct 8, 2020,3,406.25,3,447.25,3,405.50,3,437.50,3,437.50,1,104,986
Oct 7, 2020,3,338.00,3,416.75,3,332.25,3,406.75,3,406.75,1,400,616
Oct 6, 2020,3,392.00,3,421.75,3,330.50,3,353.25,3,353.25,1,701,062
Oct 5, 2020,3,360.00,3,400.00,3,346.50,3,393.00,3,393.00,1,077,474
Oct 2, 2020,3,367.00,3,375.50,3,300.25,3,339.25,3,339.25,2,028,921
Oct 1, 2020,3,344.75,3,388.00,3,343.25,3,367.75,3,367.75,1,517,912
Sep 30, 2020,3,330.00,3,384.00,3,291.25,3,352.00,3,352.00,2,170,601
Sep 29, 2020,3,348.75,3,363.00,3,316.50,3,333.75,3,333.75,1,326,597
Sep 28, 2020,3,291.00,3,351.25,3,287.50,3,346.00,3,346.00,1,495,804
Sep 25, 2020,3,243.50,3,296.25,3,206.50,3,287.25,3,287.25,1,697,090
Sep 24, 2020,3,228.00,3,268.25,3,198.00,3,238.00,3,238.00,2,277,010
Sep 23, 2020,3,303.75,3,319.75,3,221.00,3,231.25,3,231.25,1,979,661
Sep 22, 2020,3,271.50,3,309.50,3,256.50,3,299.25,3,299.25,1,576,319
Sep 21, 2020,3,314.50,3,326.25,3,217.75,3,275.00,3,275.00,2,507,980
Sep 18, 2020,3,355.75,3,374.25,3,341.75,3,353.60,3,353.60,2,365,554
Sep 17, 2020,3,392.75,3,396.50,3,320.50,3,361.50,3,361.50,384,917
Sep 16, 2020,3,405.00,3,429.75,3,384.00,3,389.50,3,389.50,571,749
Sep 15, 2020,3,379.50,3,419.00,3,376.00,3,405.25,3,405.25,874,366
Sep 14, 2020,3,350.00,3,402.75,3,345.50,3,382.50,3,382.50,1,378,626
Sep 11, 2020,3,345.25,3,375.00,3,308.75,3,333.75,3,333.75,1,876,451
Sep 10, 2020,3,396.00,3,424.25,3,327.25,3,340.50,3,340.50,2,332,667
Sep 9, 2020,3,315.25,3,424.00,3,295.50,3,400.25,3,400.25,2,011,132
Sep 8, 2020,3,420.50,3,447.00,3,327.50,3,335.50,3,335.50,2,732,946
Sep 4, 2020,3,454.75,3,484.25,3,347.75,3,417.50,3,417.50,2,994,363
Sep 3, 2020,3,578.75,3,586.50,3,424.50,3,461.50,3,461.50,2,872,337
Sep 2, 2020,3,529.00,3,587.00,3,526.25,3,579.25,3,579.25,1,853,078
Sep 1, 2020,3,493.25,3,530.00,3,484.25,3,527.00,3,527.00,1,283,622
Aug 31, 2020,3,508.50,3,524.50,3,490.00,3,499.00,3,499.00,1,439,600
Aug 28, 2020,3,488.00,3,509.50,3,480.75,3,504.50,3,504.50,1,248,430
Aug 27, 2020,3,479.50,3,498.25,3,464.75,3,485.25,3,485.25,1,633,581
Aug 26, 2020,3,444.75,3,483.50,3,436.75,3,480.25,3,480.25,1,277,539
Aug 25, 2020,3,427.00,3,448.75,3,421.75,3,443.00,3,443.00,1,133,837
Aug 24, 2020,3,398.75,3,429.50,3,393.50,3,427.50,3,427.50,1,282,950
Aug 21, 2020,3,383.50,3,396.25,3,356.75,3,392.50,3,392.50,1,221,450
Aug 20, 2020,3,370.25,3,387.00,3,344.75,3,380.75,3,380.75,1,203,334
Aug 19, 2020,3,388.75,3,395.75,3,365.50,3,372.75,3,372.75,1,368,420
Aug 18, 2020,3,379.25,3,390.75,3,365.25,3,387.00,3,387.00,1,019,552
Aug 17, 2020,3,366.00,3,382.75,3,364.75,3,379.75,3,379.75,759,304
Aug 14, 2020,3,369.25,3,380.50,3,350.00,3,361.50,3,361.50,1,084,771
Aug 13, 2020,3,367.75,3,382.00,3,357.50,3,367.75,3,367.75,1,205,758
Aug 12, 2020,3,339.50,3,382.50,3,326.25,3,370.00,3,370.00,1,408,718
Aug 11, 2020,3,350.25,3,379.00,3,319.50,3,330.00,3,330.00,1,733,040
Aug 10, 2020,3,347.00,3,357.25,3,329.00,3,352.75,3,352.75,1,201,751
Aug 7, 2020,3,343.75,3,347.75,3,322.25,3,344.75,3,344.75,1,615,367
Aug 6, 2020,3,317.00,3,345.50,3,300.50,3,344.25,3,344.25,1,346,665
Aug 5, 2020,3,300.75,3,323.25,3,292.00,3,316.00,3,316.00,1,116,787
Aug 4, 2020,3,290.75,3,300.50,3,271.00,3,300.00,3,300.00,1,145,269
Aug 3, 2020,3,272.00,3,295.50,3,254.75,3,288.50,3,288.50,1,250,449
Jul 31, 2020,3,269.25,3,273.75,3,212.50,3,263.50,3,263.50,2,282,794
Jul 30, 2020,3,256.75,3,269.00,3,195.00,3,248.75,3,248.75,2,000,721
Jul 29, 2020,3,215.00,3,257.00,3,204.25,3,252.50,3,252.50,1,218,031
Jul 28, 2020,3,235.00,3,246.75,3,208.00,3,213.00,3,213.00,1,375,293
Jul 27, 2020,3,210.75,3,235.00,3,192.00,3,232.25,3,232.25,1,299,512
Jul 24, 2020,3,230.00,3,239.00,3,191.50,3,204.00,3,204.00,1,761,346
Jul 23, 2020,3,267.75,3,284.50,3,214.25,3,227.50,3,227.50,1,704,453
Jul 22, 2020,3,249.25,3,271.75,3,227.25,3,265.50,3,265.50,1,354,244
Jul 21, 2020,3,243.75,3,273.25,3,239.25,3,251.25,3,251.25,1,463,931
Jul 20, 2020,3,214.50,3,250.50,3,190.25,3,245.25,3,245.25,1,401,168
Jul 17, 2020,3,198.50,3,225.25,3,194.75,3,214.00,3,214.00,1,261,113
Jul 16, 2020,3,223.25,3,228.50,3,188.50,3,194.50,3,194.50,1,471,311
Jul 15, 2020,3,204.00,3,233.25,3,192.00,3,219.50,3,219.50,1,937,696
Jul 14, 2020,3,149.75,3,192.25,3,119.00,3,183.50,3,183.50,2,256,766
Jul 13, 2020,3,183.50,3,226.25,3,140.50,3,148.25,3,148.25,2,074,726
Jul 10, 2020,3,142.25,3,181.25,3,111.50,3,178.50,3,178.50,1,408,591
Jul 9, 2020,3,166.25,3,170.75,3,105.25,3,141.00,3,141.00,1,881,833
Jul 8, 2020,3,135.25,3,166.25,3,125.50,3,163.50,3,163.50,1,527,612
Jul 7, 2020,3,170.00,3,184.00,3,132.50,3,136.50,3,136.50,1,333,466
Jul 6, 2020,3,125.25,3,174.50,3,105.75,3,172.00,3,172.00,1,459,512
Jul 2, 2020,3,101.75,3,156.50,3,095.50,3,129.00,3,129.00,1,552,517
Jul 1, 2020,3,085.25,3,117.75,3,062.75,3,103.00,3,103.00,1,537,321
Jun 30, 2020,3,046.00,3,101.25,3,030.25,3,090.25,3,090.25,1,724,164
Jun 29, 2020,2,986.25,3,051.25,2,983.50,3,047.75,3,047.75,1,585,146
Jun 26, 2020,3,071.25,3,082.00,2,992.50,3,007.00,3,007.00,2,208,418
Jun 25, 2020,3,046.75,3,079.50,3,005.00,3,070.75,3,070.75,1,967,245
Jun 24, 2020,3,113.25,3,128.50,3,019.75,3,049.00,3,049.00,2,387,916
Jun 23, 2020,3,111.75,3,145.75,3,060.00,3,118.50,3,118.50,1,528,485
Jun 22, 2020,3,040.25,3,114.25,3,027.25,3,110.75,3,110.75,1,392,325
Jun 19, 2020,3,108.25,3,196.00,3,106.75,3,161.26,3,161.26,1,952,273
Jun 18, 2020,3,115.00,3,130.50,3,075.25,3,109.00,3,109.00,373,718
Jun 17, 2020,3,122.00,3,157.75,3,105.00,3,118.00,3,118.00,610,877
Jun 16, 2020,3,076.25,3,167.75,3,071.25,3,128.75,3,128.75,1,377,224
Jun 15, 2020,2,992.75,3,079.25,2,935.00,3,073.00,3,073.00,1,947,459
Jun 12, 2020,3,011.75,3,087.75,2,982.00,3,034.75,3,034.75,2,872,339
Jun 11, 2020,3,183.75,3,188.50,2,996.25,3,010.25,3,010.25,3,528,726
Jun 10, 2020,3,204.75,3,227.25,3,179.75,3,186.00,3,186.00,1,996,065
Jun 9, 2020,3,227.75,3,231.00,3,190.00,3,205.50,3,205.50,1,695,764
Jun 8, 2020,3,192.50,3,231.25,3,183.25,3,227.50,3,227.50,1,602,601
Jun 5, 2020,3,113.25,3,210.50,3,106.50,3,186.75,3,186.75,2,444,330
Jun 4, 2020,3,117.75,3,126.75,3,087.50,3,110.50,3,110.50,1,830,904
Jun 3, 2020,3,078.00,3,129.50,3,074.25,3,117.75,3,117.75,1,623,708
Jun 2, 2020,3,052.75,3,079.00,3,035.00,3,077.00,3,077.00,1,458,830
Jun 1, 2020,3,029.75,3,059.00,3,008.00,3,054.00,3,054.00,1,277,803
May 29, 2020,3,036.00,3,058.25,2,992.00,3,042.00,3,042.00,2,258,009
May 28, 2020,3,035.00,3,065.50,3,019.50,3,038.00,3,038.00,1,881,295
May 27, 2020,2,994.00,3,039.50,2,965.50,3,035.50,3,035.50,2,109,332
May 26, 2020,2,948.50,3,019.75,2,947.50,2,994.50,2,994.50,1,797,241
May 22, 2020,2,936.75,2,957.50,2,903.75,2,953.00,2,953.00,1,377,263
May 21, 2020,2,972.25,2,973.50,2,933.00,2,937.00,2,937.00,1,608,225
May 20, 2020,2,913.50,2,975.75,2,908.50,2,968.50,2,968.50,1,532,404
May 19, 2020,2,945.00,2,976.25,2,914.25,2,918.75,2,918.75,1,567,224
May 18, 2020,2,859.75,2,964.75,2,850.00,2,948.00,2,948.00,1,775,433
May 15, 2020,2,846.25,2,863.50,2,809.50,2,846.50,2,846.50,1,897,194
May 14, 2020,2,820.25,2,853.75,2,760.25,2,847.00,2,847.00,2,501,222
May 13, 2020,2,839.75,2,876.75,2,786.00,2,813.00,2,813.00,2,591,379
May 12, 2020,2,919.25,2,939.25,2,838.00,2,852.50,2,852.50,1,824,303
May 11, 2020,2,920.75,2,947.00,2,889.75,2,922.75,2,922.75,1,528,302
May 8, 2020,2,882.00,2,933.00,2,879.75,2,928.50,2,928.50,1,326,254
May 7, 2020,2,832.00,2,895.00,2,823.00,2,880.00,2,880.00,1,494,330
May 6, 2020,2,857.75,2,886.25,2,832.00,2,833.50,2,833.50,1,466,641
May 5, 2020,2,827.00,2,889.75,2,824.50,2,858.25,2,858.25,1,474,765
May 4, 2020,2,789.00,2,835.75,2,771.00,2,825.25,2,825.25,1,510,680
May 1, 2020,2,871.50,2,879.75,2,811.75,2,821.75,2,821.75,1,647,259
Apr 30, 2020,2,956.50,2,965.00,2,878.00,2,902.50,2,902.50,2,027,924
Apr 29, 2020,2,870.50,2,959.75,2,860.75,2,941.00,2,941.00,1,737,371
Apr 28, 2020,2,867.75,2,913.50,2,851.00,2,867.25,2,867.25,1,614,021
Apr 27, 2020,2,829.00,2,881.25,2,812.75,2,869.00,2,869.00,1,224,445
Apr 24, 2020,2,777.00,2,835.00,2,755.25,2,829.50,2,829.50,1,293,756
Apr 23, 2020,2,790.50,2,836.75,2,772.75,2,780.75,2,780.75,1,703,918
Apr 22, 2020,2,737.25,2,808.00,2,717.25,2,788.50,2,788.50,1,369,529
Apr 21, 2020,2,807.00,2,833.25,2,717.25,2,732.00,2,732.00,1,969,844
Apr 20, 2020,2,861.50,2,875.50,2,804.25,2,806.50,2,806.50,1,566,934
Apr 17, 2020,2,863.00,2,885.00,2,821.00,2,870.00,2,870.00,1,924,019
Apr 16, 2020,2,767.75,2,831.50,2,746.00,2,787.50,2,787.50,1,749,108
Apr 15, 2020,2,843.75,2,845.50,2,751.25,2,775.00,2,775.00,1,831,570
Apr 14, 2020,2,760.00,2,846.00,2,752.50,2,843.00,2,843.00,1,716,496
Apr 13, 2020,2,811.00,2,819.50,2,711.00,2,759.25,2,759.25,1,571,402
Apr 9, 2020,2,737.75,2,809.50,2,701.00,2,779.75,2,779.75,2,342,733
Apr 8, 2020,2,640.50,2,752.50,2,620.75,2,735.00,2,735.00,1,920,688
Apr 7, 2020,2,645.50,2,750.00,2,623.50,2,642.00,2,642.00,2,486,524
Apr 6, 2020,2,485.00,2,668.50,2,484.75,2,644.50,2,644.50,2,034,419
Apr 3, 2020,2,513.75,2,529.50,2,449.00,2,482.75,2,482.75,1,763,886
Apr 2, 2020,2,459.00,2,525.00,2,424.75,2,516.50,2,516.50,2,145,458
Apr 1, 2020,2,562.00,2,562.25,2,434.25,2,448.00,2,448.00,2,091,378
Mar 31, 2020,2,613.25,2,635.75,2,555.75,2,569.75,2,569.75,2,248,012
Mar 30, 2020,2,459.00,2,621.75,2,445.00,2,611.25,2,611.25,1,837,692
Mar 27, 2020,2,627.75,2,634.50,2,505.25,2,524.00,2,524.00,2,320,755
Mar 26, 2020,2,471.00,2,625.75,2,402.25,2,608.00,2,608.00,2,413,913
Mar 25, 2020,2,442.75,2,560.75,2,386.00,2,467.00,2,467.00,3,037,767
Mar 24, 2020,2,233.25,2,447.75,2,230.50,2,438.00,2,438.00,2,639,522
Mar 23, 2020,2,220.25,2,386.00,2,174.00,2,220.50,2,220.50,3,076,791
Mar 20, 2020,2,364.25,2,512.75,2,346.25,2,437.98,2,437.98,3,075,997
Mar 19, 2020,2,414.25,2,474.00,2,288.00,2,403.25,2,403.25,631,228
Mar 18, 2020,2,478.50,2,498.00,2,274.75,2,414.00,2,414.00,976,536
Mar 17, 2020,2,417.25,2,554.50,2,365.00,2,495.50,2,495.50,1,683,796
Mar 16, 2020,2,673.75,2,675.00,2,360.25,2,416.25,2,416.25,2,378,284
Mar 13, 2020,2,429.50,2,707.75,2,393.50,2,696.00,2,696.00,3,423,449
Mar 12, 2020,2,738.00,2,774.00,2,442.50,2,469.00,2,469.00,4,366,577
Mar 11, 2020,2,859.50,2,869.50,2,702.75,2,740.25,2,740.25,2,992,894
Mar 10, 2020,2,733.00,2,884.75,2,695.25,2,865.75,2,865.75,3,423,140
Mar 9, 2020,2,916.00,2,916.00,2,715.00,2,747.75,2,747.75,2,672,753
Mar 6, 2020,3,024.25,3,037.00,2,898.00,2,964.00,2,964.00,3,163,400
Mar 5, 2020,3,109.25,3,113.75,2,996.50,3,015.50,3,015.50,2,807,262
Mar 4, 2020,2,988.25,3,129.50,2,976.50,3,114.75,3,114.75,2,590,464
Mar 3, 2020,3,077.00,3,137.00,2,973.00,2,997.00,2,997.00,3,754,363
Mar 2, 2020,2,900.00,3,093.25,2,889.25,3,065.00,3,065.00,3,689,149
Feb 28, 2020,2,950.00,2,996.00,2,853.25,2,951.00,2,951.00,5,715,227
Feb 27, 2020,3,100.25,3,117.00,2,944.50,2,957.00,2,957.00,4,734,434
Feb 26, 2020,3,138.00,3,182.00,3,091.00,3,110.25,3,110.25,3,889,097
Feb 25, 2020,3,223.00,3,259.50,3,117.25,3,132.50,3,132.50,4,375,530
Feb 24, 2020,3,309.00,3,312.00,3,213.75,3,226.25,3,226.25,3,636,687
Feb 21, 2020,3,367.00,3,369.25,3,328.00,3,339.25,3,339.25,2,293,728
Feb 20, 2020,3,391.75,3,397.50,3,339.25,3,369.25,3,369.25,2,073,749
Feb 19, 2020,3,372.00,3,393.75,3,370.75,3,387.25,3,387.25,1,163,426
Feb 18, 2020,3,382.25,3,392.50,3,355.25,3,369.25,3,369.25,1,735,931
Feb 14, 2020,3,379.50,3,388.50,3,365.25,3,381.00,3,381.00,1,334,897
Feb 13, 2020,3,381.25,3,384.75,3,348.50,3,377.50,3,377.50,1,772,784
Feb 12, 2020,3,360.50,3,381.50,3,355.50,3,380.50,3,380.50,1,229,231
Feb 11, 2020,3,351.00,3,374.50,3,349.25,3,357.50,3,357.50,1,486,164
Feb 10, 2020,3,322.25,3,353.50,3,303.50,3,353.00,3,353.00,1,399,815
Feb 7, 2020,3,349.00,3,350.00,3,320.75,3,325.50,3,325.50,1,698,940
Feb 6, 2020,3,337.00,3,357.75,3,332.50,3,345.25,3,345.25,1,462,323
Feb 5, 2020,3,300.25,3,338.00,3,288.25,3,335.00,3,335.00,2,046,111
Feb 4, 2020,3,244.25,3,305.25,3,236.00,3,299.50,3,299.50,1,698,403
Feb 3, 2020,3,222.75,3,267.25,3,222.00,3,245.50,3,245.50,1,919,477
Jan 31, 2020,3,292.00,3,297.50,3,212.75,3,224.00,3,224.00,3,152,069
Jan 30, 2020,3,271.50,3,295.25,3,239.75,3,289.75,3,289.75,2,421,276
Jan 29, 2020,3,281.75,3,292.75,3,265.25,3,272.50,3,272.50,1,665,382
Jan 28, 2020,3,239.50,3,285.00,3,238.75,3,278.25,3,278.25,1,910,878
Jan 27, 2020,3,269.75,3,269.75,3,233.00,3,239.50,3,239.50,2,581,636
Jan 24, 2020,3,326.50,3,337.00,3,280.50,3,293.50,3,293.50,2,515,168
Jan 23, 2020,3,317.25,3,327.00,3,301.25,3,326.00,3,326.00,1,717,046
Jan 22, 2020,3,321.25,3,337.50,3,315.25,3,319.75,3,319.75,1,505,107
Jan 21, 2020,3,325.00,3,329.75,3,307.25,3,319.50,3,319.50,1,573,187
Jan 17, 2020,3,316.75,3,330.25,3,316.00,3,325.00,3,325.00,1,312,253
Jan 16, 2020,3,294.25,3,318.00,3,294.00,3,316.50,3,316.50,1,335,246
Jan 15, 2020,3,287.75,3,299.00,3,277.75,3,293.75,3,293.75,1,468,347
Jan 14, 2020,3,289.25,3,296.75,3,275.25,3,288.00,3,288.00,1,694,799
Jan 13, 2020,3,265.75,3,291.00,3,265.50,3,289.75,3,289.75,1,008,998
Jan 10, 2020,3,275.50,3,287.00,3,260.75,3,264.75,3,264.75,1,533,121
Jan 9, 2020,3,261.25,3,276.75,3,257.75,3,276.00,3,276.00,1,297,679
Jan 8, 2020,3,231.75,3,267.75,3,181.00,3,260.25,3,260.25,2,279,138
Jan 7, 2020,3,243.50,3,254.50,3,226.00,3,235.25,3,235.25,1,293,494
Jan 6, 2020,3,220.25,3,249.50,3,208.75,3,243.50,3,243.50,1,502,748
Jan 3, 2020,3,261.00,3,263.50,3,206.75,3,235.50,3,235.50,1,755,057
Jan 2, 2020,3,237.00,3,261.75,3,234.25,3,259.00,3,259.00,1,416,241
Dec 31, 2019,3,223.25,3,236.25,3,213.00,3,231.00,3,231.00,1,157,924
